-- IDs start from 1
ALTER SEQUENCE IF EXISTS organizacion_organizacion_id_seq RESTART WITH 1;
ALTER SEQUENCE IF EXISTS categoria_categoria_id_seq RESTART WITH 1;
ALTER SEQUENCE IF EXISTS sede_sede_id_seq RESTART WITH 1;
ALTER SEQUENCE IF EXISTS campana_campana_id_seq RESTART WITH 1;
ALTER SEQUENCE IF EXISTS actividad_actividad_id_seq RESTART WITH 1;
ALTER SEQUENCE IF EXISTS donante_donante_id_seq RESTART WITH 1;
ALTER SEQUENCE IF EXISTS voluntario_voluntario_id_seq RESTART WITH 1;
ALTER SEQUENCE IF EXISTS habilidad_habilidad_id_seq RESTART WITH 1;
ALTER SEQUENCE IF EXISTS recurso_recurso_id_seq RESTART WITH 1;

-- (child tables before parent tables)
TRUNCATE TABLE voluntario_habilidad, voluntario_actividad, recurso, 
             disponibilidad_voluntario, estadisticas_campana, 
             donacion, actividad, campana, habilidad, 
             voluntario, donante, sede, categoria, organizacion CASCADE;

-- Registros para tablas principales
INSERT INTO organizacion (nombre, descripcion, email, telefono, direccion, sitio_web) VALUES
('Organización 1', 'Descripción 1', 'contacto1@org.com', '555-0001', 'Dirección 1, Ciudad 1', 'www.org1.org'),
('Organización 2', 'Descripción 2', 'contacto2@org.com', '555-0002', 'Dirección 2, Ciudad 2', 'www.org2.org'),
('Organización 3', 'Descripción 3', 'contacto3@org.com', '555-0003', 'Dirección 3, Ciudad 3', 'www.org3.org'),
('Organización 4', 'Descripción 4', 'contacto4@org.com', '555-0004', 'Dirección 4, Ciudad 4', 'www.org4.org'),
('Organización 5', 'Descripción 5', 'contacto5@org.com', '555-0005', 'Dirección 5, Ciudad 5', 'www.org5.org'),
('Organización 6', 'Descripción 6', 'contacto6@org.com', '555-0006', 'Dirección 6, Ciudad 6', 'www.org6.org'),
('Organización 7', 'Descripción 7', 'contacto7@org.com', '555-0007', 'Dirección 7, Ciudad 7', 'www.org7.org'),
('Organización 8', 'Descripción 8', 'contacto8@org.com', '555-0008', 'Dirección 8, Ciudad 8', 'www.org8.org'),
('Organización 9', 'Descripción 9', 'contacto9@org.com', '555-0009', 'Dirección 9, Ciudad 9', 'www.org9.org'),
('Organización 10', 'Descripción 10', 'contacto10@org.com', '555-0010', 'Dirección 10, Ciudad 10', 'www.org10.org'),
('Organización 11', 'Descripción 11', 'contacto11@org.com', '555-0011', 'Dirección 11, Ciudad 11', 'www.org11.org'),
('Organización 12', 'Descripción 12', 'contacto12@org.com', '555-0012', 'Dirección 12, Ciudad 12', 'www.org12.org'),
('Organización 13', 'Descripción 13', 'contacto13@org.com', '555-0013', 'Dirección 13, Ciudad 13', 'www.org13.org'),
('Organización 14', 'Descripción 14', 'contacto14@org.com', '555-0014', 'Dirección 14, Ciudad 14', 'www.org14.org'),
('Organización 15', 'Descripción 15', 'contacto15@org.com', '555-0015', 'Dirección 15, Ciudad 15', 'www.org15.org'),
('Organización 16', 'Descripción 16', 'contacto16@org.com', '555-0016', 'Dirección 16, Ciudad 16', 'www.org16.org'),
('Organización 17', 'Descripción 17', 'contacto17@org.com', '555-0017', 'Dirección 17, Ciudad 17', 'www.org17.org'),
('Organización 18', 'Descripción 18', 'contacto18@org.com', '555-0018', 'Dirección 18, Ciudad 18', 'www.org18.org'),
('Organización 19', 'Descripción 19', 'contacto19@org.com', '555-0019', 'Dirección 19, Ciudad 19', 'www.org19.org'),
('Organización 20', 'Descripción 20', 'contacto20@org.com', '555-0020', 'Dirección 20, Ciudad 20', 'www.org20.org'),
('Organización 21', 'Descripción 21', 'contacto21@org.com', '555-0021', 'Dirección 21, Ciudad 21', 'www.org21.org'),
('Organización 22', 'Descripción 22', 'contacto22@org.com', '555-0022', 'Dirección 22, Ciudad 22', 'www.org22.org'),
('Organización 23', 'Descripción 23', 'contacto23@org.com', '555-0023', 'Dirección 23, Ciudad 23', 'www.org23.org'),
('Organización 24', 'Descripción 24', 'contacto24@org.com', '555-0024', 'Dirección 24, Ciudad 24', 'www.org24.org'),
('Organización 25', 'Descripción 25', 'contacto25@org.com', '555-0025', 'Dirección 25, Ciudad 25', 'www.org25.org'),
('Organización 26', 'Descripción 26', 'contacto26@org.com', '555-0026', 'Dirección 26, Ciudad 26', 'www.org26.org'),
('Organización 27', 'Descripción 27', 'contacto27@org.com', '555-0027', 'Dirección 27, Ciudad 27', 'www.org27.org'),
('Organización 28', 'Descripción 28', 'contacto28@org.com', '555-0028', 'Dirección 28, Ciudad 28', 'www.org28.org'),
('Organización 29', 'Descripción 29', 'contacto29@org.com', '555-0029', 'Dirección 29, Ciudad 29', 'www.org29.org'),
('Organización 30', 'Descripción 30', 'contacto30@org.com', '555-0030', 'Dirección 30, Ciudad 30', 'www.org30.org'),
('Organización 31', 'Descripción 31', 'contacto31@org.com', '555-0031', 'Dirección 31, Ciudad 31', 'www.org31.org'),
('Organización 32', 'Descripción 32', 'contacto32@org.com', '555-0032', 'Dirección 32, Ciudad 32', 'www.org32.org'),
('Organización 33', 'Descripción 33', 'contacto33@org.com', '555-0033', 'Dirección 33, Ciudad 33', 'www.org33.org'),
('Organización 34', 'Descripción 34', 'contacto34@org.com', '555-0034', 'Dirección 34, Ciudad 34', 'www.org34.org'),
('Organización 35', 'Descripción 35', 'contacto35@org.com', '555-0035', 'Dirección 35, Ciudad 35', 'www.org35.org'),
('Organización 36', 'Descripción 36', 'contacto36@org.com', '555-0036', 'Dirección 36, Ciudad 36', 'www.org36.org'),
('Organización 37', 'Descripción 37', 'contacto37@org.com', '555-0037', 'Dirección 37, Ciudad 37', 'www.org37.org'),
('Organización 38', 'Descripción 38', 'contacto38@org.com', '555-0038', 'Dirección 38, Ciudad 38', 'www.org38.org'),
('Organización 39', 'Descripción 39', 'contacto39@org.com', '555-0039', 'Dirección 39, Ciudad 39', 'www.org39.org'),
('Organización 40', 'Descripción 40', 'contacto40@org.com', '555-0040', 'Dirección 40, Ciudad 40', 'www.org40.org'),
('Organización 41', 'Descripción 41', 'contacto41@org.com', '555-0041', 'Dirección 41, Ciudad 41', 'www.org41.org'),
('Organización 42', 'Descripción 42', 'contacto42@org.com', '555-0042', 'Dirección 42, Ciudad 42', 'www.org42.org'),
('Organización 43', 'Descripción 43', 'contacto43@org.com', '555-0043', 'Dirección 43, Ciudad 43', 'www.org43.org'),
('Organización 44', 'Descripción 44', 'contacto44@org.com', '555-0044', 'Dirección 44, Ciudad 44', 'www.org44.org'),
('Organización 45', 'Descripción 45', 'contacto45@org.com', '555-0045', 'Dirección 45, Ciudad 45', 'www.org45.org'),
('Organización 46', 'Descripción 46', 'contacto46@org.com', '555-0046', 'Dirección 46, Ciudad 46', 'www.org46.org'),
('Organización 47', 'Descripción 47', 'contacto47@org.com', '555-0047', 'Dirección 47, Ciudad 47', 'www.org47.org'),
('Organización 48', 'Descripción 48', 'contacto48@org.com', '555-0048', 'Dirección 48, Ciudad 48', 'www.org48.org'),
('Organización 49', 'Descripción 49', 'contacto49@org.com', '555-0049', 'Dirección 49, Ciudad 49', 'www.org49.org'),
('Organización 50', 'Descripción 50', 'contacto50@org.com', '555-0050', 'Dirección 50, Ciudad 50', 'www.org50.org'),
('Organización 51', 'Descripción 51', 'contacto51@org.com', '555-0051', 'Dirección 51, Ciudad 51', 'www.org51.org'),
('Organización 52', 'Descripción 52', 'contacto52@org.com', '555-0052', 'Dirección 52, Ciudad 52', 'www.org52.org'),
('Organización 53', 'Descripción 53', 'contacto53@org.com', '555-0053', 'Dirección 53, Ciudad 53', 'www.org53.org'),
('Organización 54', 'Descripción 54', 'contacto54@org.com', '555-0054', 'Dirección 54, Ciudad 54', 'www.org54.org'),
('Organización 55', 'Descripción 55', 'contacto55@org.com', '555-0055', 'Dirección 55, Ciudad 55', 'www.org55.org'),
('Organización 56', 'Descripción 56', 'contacto56@org.com', '555-0056', 'Dirección 56, Ciudad 56', 'www.org56.org'),
('Organización 57', 'Descripción 57', 'contacto57@org.com', '555-0057', 'Dirección 57, Ciudad 57', 'www.org57.org'),
('Organización 58', 'Descripción 58', 'contacto58@org.com', '555-0058', 'Dirección 58, Ciudad 58', 'www.org58.org'),
('Organización 59', 'Descripción 59', 'contacto59@org.com', '555-0059', 'Dirección 59, Ciudad 59', 'www.org59.org'),
('Organización 60', 'Descripción 60', 'contacto60@org.com', '555-0060', 'Dirección 60, Ciudad 60', 'www.org60.org'),
('Organización 61', 'Descripción 61', 'contacto61@org.com', '555-0061', 'Dirección 61, Ciudad 61', 'www.org61.org'),
('Organización 62', 'Descripción 62', 'contacto62@org.com', '555-0062', 'Dirección 62, Ciudad 62', 'www.org62.org'),
('Organización 63', 'Descripción 63', 'contacto63@org.com', '555-0063', 'Dirección 63, Ciudad 63', 'www.org63.org'),
('Organización 64', 'Descripción 64', 'contacto64@org.com', '555-0064', 'Dirección 64, Ciudad 64', 'www.org64.org'),
('Organización 65', 'Descripción 65', 'contacto65@org.com', '555-0065', 'Dirección 65, Ciudad 65', 'www.org65.org'),
('Organización 66', 'Descripción 66', 'contacto66@org.com', '555-0066', 'Dirección 66, Ciudad 66', 'www.org66.org'),
('Organización 67', 'Descripción 67', 'contacto67@org.com', '555-0067', 'Dirección 67, Ciudad 67', 'www.org67.org'),
('Organización 68', 'Descripción 68', 'contacto68@org.com', '555-0068', 'Dirección 68, Ciudad 68', 'www.org68.org'),
('Organización 69', 'Descripción 69', 'contacto69@org.com', '555-0069', 'Dirección 69, Ciudad 69', 'www.org69.org'),
('Organización 70', 'Descripción 70', 'contacto70@org.com', '555-0070', 'Dirección 70, Ciudad 70', 'www.org70.org'),
('Organización 71', 'Descripción 71', 'contacto71@org.com', '555-0071', 'Dirección 71, Ciudad 71', 'www.org71.org'),
('Organización 72', 'Descripción 72', 'contacto72@org.com', '555-0072', 'Dirección 72, Ciudad 72', 'www.org72.org'),
('Organización 73', 'Descripción 73', 'contacto73@org.com', '555-0073', 'Dirección 73, Ciudad 73', 'www.org73.org'),
('Organización 74', 'Descripción 74', 'contacto74@org.com', '555-0074', 'Dirección 74, Ciudad 74', 'www.org74.org'),
('Organización 75', 'Descripción 75', 'contacto75@org.com', '555-0075', 'Dirección 75, Ciudad 75', 'www.org75.org'),
('Organización 76', 'Descripción 76', 'contacto76@org.com', '555-0076', 'Dirección 76, Ciudad 76', 'www.org76.org'),
('Organización 77', 'Descripción 77', 'contacto77@org.com', '555-0077', 'Dirección 77, Ciudad 77', 'www.org77.org'),
('Organización 78', 'Descripción 78', 'contacto78@org.com', '555-0078', 'Dirección 78, Ciudad 78', 'www.org78.org'),
('Organización 79', 'Descripción 79', 'contacto79@org.com', '555-0079', 'Dirección 79, Ciudad 79', 'www.org79.org'),
('Organización 80', 'Descripción 80', 'contacto80@org.com', '555-0080', 'Dirección 80, Ciudad 80', 'www.org80.org'),
('Organización 81', 'Descripción 81', 'contacto81@org.com', '555-0081', 'Dirección 81, Ciudad 81', 'www.org81.org'),
('Organización 82', 'Descripción 82', 'contacto82@org.com', '555-0082', 'Dirección 82, Ciudad 82', 'www.org82.org'),
('Organización 83', 'Descripción 83', 'contacto83@org.com', '555-0083', 'Dirección 83, Ciudad 83', 'www.org83.org'),
('Organización 84', 'Descripción 84', 'contacto84@org.com', '555-0084', 'Dirección 84, Ciudad 84', 'www.org84.org'),
('Organización 85', 'Descripción 85', 'contacto85@org.com', '555-0085', 'Dirección 85, Ciudad 85', 'www.org85.org'),
('Organización 86', 'Descripción 86', 'contacto86@org.com', '555-0086', 'Dirección 86, Ciudad 86', 'www.org86.org'),
('Organización 87', 'Descripción 87', 'contacto87@org.com', '555-0087', 'Dirección 87, Ciudad 87', 'www.org87.org'),
('Organización 88', 'Descripción 88', 'contacto88@org.com', '555-0088', 'Dirección 88, Ciudad 88', 'www.org88.org'),
('Organización 89', 'Descripción 89', 'contacto89@org.com', '555-0089', 'Dirección 89, Ciudad 89', 'www.org89.org'),
('Organización 90', 'Descripción 90', 'contacto90@org.com', '555-0090', 'Dirección 90, Ciudad 90', 'www.org90.org'),
('Organización 91', 'Descripción 91', 'contacto91@org.com', '555-0091', 'Dirección 91, Ciudad 91', 'www.org91.org'),
('Organización 92', 'Descripción 92', 'contacto92@org.com', '555-0092', 'Dirección 92, Ciudad 92', 'www.org92.org'),
('Organización 93', 'Descripción 93', 'contacto93@org.com', '555-0093', 'Dirección 93, Ciudad 93', 'www.org93.org'),
('Organización 94', 'Descripción 94', 'contacto94@org.com', '555-0094', 'Dirección 94, Ciudad 94', 'www.org94.org'),
('Organización 95', 'Descripción 95', 'contacto95@org.com', '555-0095', 'Dirección 95, Ciudad 95', 'www.org95.org'),
('Organización 96', 'Descripción 96', 'contacto96@org.com', '555-0096', 'Dirección 96, Ciudad 96', 'www.org96.org'),
('Organización 97', 'Descripción 97', 'contacto97@org.com', '555-0097', 'Dirección 97, Ciudad 97', 'www.org97.org'),
('Organización 98', 'Descripción 98', 'contacto98@org.com', '555-0098', 'Dirección 98, Ciudad 98', 'www.org98.org'),
('Organización 99', 'Descripción 99', 'contacto99@org.com', '555-0099', 'Dirección 99, Ciudad 99', 'www.org99.org'),
('Organización 100', 'Descripción 100', 'contacto100@org.com', '555-0100', 'Dirección 100, Ciudad 100', 'www.org100.org');

INSERT INTO categoria (nombre, descripcion) VALUES
('Categoría 1', 'Descripción 1'),
('Categoría 2', 'Descripción 2'),
('Categoría 3', 'Descripción 3'),
('Categoría 4', 'Descripción 4'),
('Categoría 5', 'Descripción 5'),
('Categoría 6', 'Descripción 6'),
('Categoría 7', 'Descripción 7'),
('Categoría 8', 'Descripción 8'),
('Categoría 9', 'Descripción 9'),
('Categoría 10', 'Descripción 10'),
('Categoría 11', 'Descripción 11'),
('Categoría 12', 'Descripción 12'),
('Categoría 13', 'Descripción 13'),
('Categoría 14', 'Descripción 14'),
('Categoría 15', 'Descripción 15'),
('Categoría 16', 'Descripción 16'),
('Categoría 17', 'Descripción 17'),
('Categoría 18', 'Descripción 18'),
('Categoría 19', 'Descripción 19'),
('Categoría 20', 'Descripción 20'),
('Categoría 21', 'Descripción 21'),
('Categoría 22', 'Descripción 22'),
('Categoría 23', 'Descripción 23'),
('Categoría 24', 'Descripción 24'),
('Categoría 25', 'Descripción 25'),
('Categoría 26', 'Descripción 26'),
('Categoría 27', 'Descripción 27'),
('Categoría 28', 'Descripción 28'),
('Categoría 29', 'Descripción 29'),
('Categoría 30', 'Descripción 30'),
('Categoría 31', 'Descripción 31'),
('Categoría 32', 'Descripción 32'),
('Categoría 33', 'Descripción 33'),
('Categoría 34', 'Descripción 34'),
('Categoría 35', 'Descripción 35'),
('Categoría 36', 'Descripción 36'),
('Categoría 37', 'Descripción 37'),
('Categoría 38', 'Descripción 38'),
('Categoría 39', 'Descripción 39'),
('Categoría 40', 'Descripción 40'),
('Categoría 41', 'Descripción 41'),
('Categoría 42', 'Descripción 42'),
('Categoría 43', 'Descripción 43'),
('Categoría 44', 'Descripción 44'),
('Categoría 45', 'Descripción 45'),
('Categoría 46', 'Descripción 46'),
('Categoría 47', 'Descripción 47'),
('Categoría 48', 'Descripción 48'),
('Categoría 49', 'Descripción 49'),
('Categoría 50', 'Descripción 50'),
('Categoría 51', 'Descripción 51'),
('Categoría 52', 'Descripción 52'),
('Categoría 53', 'Descripción 53'),
('Categoría 54', 'Descripción 54'),
('Categoría 55', 'Descripción 55'),
('Categoría 56', 'Descripción 56'),
('Categoría 57', 'Descripción 57'),
('Categoría 58', 'Descripción 58'),
('Categoría 59', 'Descripción 59'),
('Categoría 60', 'Descripción 60'),
('Categoría 61', 'Descripción 61'),
('Categoría 62', 'Descripción 62'),
('Categoría 63', 'Descripción 63'),
('Categoría 64', 'Descripción 64'),
('Categoría 65', 'Descripción 65'),
('Categoría 66', 'Descripción 66'),
('Categoría 67', 'Descripción 67'),
('Categoría 68', 'Descripción 68'),
('Categoría 69', 'Descripción 69'),
('Categoría 70', 'Descripción 70'),
('Categoría 71', 'Descripción 71'),
('Categoría 72', 'Descripción 72'),
('Categoría 73', 'Descripción 73'),
('Categoría 74', 'Descripción 74'),
('Categoría 75', 'Descripción 75'),
('Categoría 76', 'Descripción 76'),
('Categoría 77', 'Descripción 77'),
('Categoría 78', 'Descripción 78'),
('Categoría 79', 'Descripción 79'),
('Categoría 80', 'Descripción 80'),
('Categoría 81', 'Descripción 81'),
('Categoría 82', 'Descripción 82'),
('Categoría 83', 'Descripción 83'),
('Categoría 84', 'Descripción 84'),
('Categoría 85', 'Descripción 85'),
('Categoría 86', 'Descripción 86'),
('Categoría 87', 'Descripción 87'),
('Categoría 88', 'Descripción 88'),
('Categoría 89', 'Descripción 89'),
('Categoría 90', 'Descripción 90'),
('Categoría 91', 'Descripción 91'),
('Categoría 92', 'Descripción 92'),
('Categoría 93', 'Descripción 93'),
('Categoría 94', 'Descripción 94'),
('Categoría 95', 'Descripción 95'),
('Categoría 96', 'Descripción 96'),
('Categoría 97', 'Descripción 97'),
('Categoría 98', 'Descripción 98'),
('Categoría 99', 'Descripción 99'),
('Categoría 100', 'Descripción 100');

INSERT INTO sede (nombre, direccion, ciudad, region, codigo_postal, telefono, email, horario_apertura, horario_cierre) VALUES
('Sede 1', 'Calle Principal 1', 'Ciudad 1', 'Región 1', '10001', '555-2001', 'sede1@org.com', '08:00', '18:00'),
('Sede 2', 'Calle Principal 2', 'Ciudad 2', 'Región 2', '10002', '555-2002', 'sede2@org.com', '08:00', '18:00'),
('Sede 3', 'Calle Principal 3', 'Ciudad 3', 'Región 3', '10003', '555-2003', 'sede3@org.com', '08:00', '18:00'),
('Sede 4', 'Calle Principal 4', 'Ciudad 4', 'Región 4', '10004', '555-2004', 'sede4@org.com', '08:00', '18:00'),
('Sede 5', 'Calle Principal 5', 'Ciudad 5', 'Región 5', '10005', '555-2005', 'sede5@org.com', '08:00', '18:00'),
('Sede 6', 'Calle Principal 6', 'Ciudad 6', 'Región 6', '10006', '555-2006', 'sede6@org.com', '08:00', '18:00'),
('Sede 7', 'Calle Principal 7', 'Ciudad 7', 'Región 7', '10007', '555-2007', 'sede7@org.com', '08:00', '18:00'),
('Sede 8', 'Calle Principal 8', 'Ciudad 8', 'Región 8', '10008', '555-2008', 'sede8@org.com', '08:00', '18:00'),
('Sede 9', 'Calle Principal 9', 'Ciudad 9', 'Región 9', '10009', '555-2009', 'sede9@org.com', '08:00', '18:00'),
('Sede 10', 'Calle Principal 10', 'Ciudad 10', 'Región 10', '10010', '555-2010', 'sede10@org.com', '08:00', '18:00'),
('Sede 11', 'Calle Principal 11', 'Ciudad 11', 'Región 11', '10011', '555-2011', 'sede11@org.com', '08:00', '18:00'),
('Sede 12', 'Calle Principal 12', 'Ciudad 12', 'Región 12', '10012', '555-2012', 'sede12@org.com', '08:00', '18:00'),
('Sede 13', 'Calle Principal 13', 'Ciudad 13', 'Región 13', '10013', '555-2013', 'sede13@org.com', '08:00', '18:00'),
('Sede 14', 'Calle Principal 14', 'Ciudad 14', 'Región 14', '10014', '555-2014', 'sede14@org.com', '08:00', '18:00'),
('Sede 15', 'Calle Principal 15', 'Ciudad 15', 'Región 15', '10015', '555-2015', 'sede15@org.com', '08:00', '18:00'),
('Sede 16', 'Calle Principal 16', 'Ciudad 16', 'Región 16', '10016', '555-2016', 'sede16@org.com', '08:00', '18:00'),
('Sede 17', 'Calle Principal 17', 'Ciudad 17', 'Región 17', '10017', '555-2017', 'sede17@org.com', '08:00', '18:00'),
('Sede 18', 'Calle Principal 18', 'Ciudad 18', 'Región 18', '10018', '555-2018', 'sede18@org.com', '08:00', '18:00'),
('Sede 19', 'Calle Principal 19', 'Ciudad 19', 'Región 19', '10019', '555-2019', 'sede19@org.com', '08:00', '18:00'),
('Sede 20', 'Calle Principal 20', 'Ciudad 20', 'Región 20', '10020', '555-2020', 'sede20@org.com', '08:00', '18:00'),
('Sede 21', 'Calle Principal 21', 'Ciudad 21', 'Región 21', '10021', '555-2021', 'sede21@org.com', '08:00', '18:00'),
('Sede 22', 'Calle Principal 22', 'Ciudad 22', 'Región 22', '10022', '555-2022', 'sede22@org.com', '08:00', '18:00'),
('Sede 23', 'Calle Principal 23', 'Ciudad 23', 'Región 23', '10023', '555-2023', 'sede23@org.com', '08:00', '18:00'),
('Sede 24', 'Calle Principal 24', 'Ciudad 24', 'Región 24', '10024', '555-2024', 'sede24@org.com', '08:00', '18:00'),
('Sede 25', 'Calle Principal 25', 'Ciudad 25', 'Región 25', '10025', '555-2025', 'sede25@org.com', '08:00', '18:00'),
('Sede 26', 'Calle Principal 26', 'Ciudad 26', 'Región 26', '10026', '555-2026', 'sede26@org.com', '08:00', '18:00'),
('Sede 27', 'Calle Principal 27', 'Ciudad 27', 'Región 27', '10027', '555-2027', 'sede27@org.com', '08:00', '18:00'),
('Sede 28', 'Calle Principal 28', 'Ciudad 28', 'Región 28', '10028', '555-2028', 'sede28@org.com', '08:00', '18:00'),
('Sede 29', 'Calle Principal 29', 'Ciudad 29', 'Región 29', '10029', '555-2029', 'sede29@org.com', '08:00', '18:00'),
('Sede 30', 'Calle Principal 30', 'Ciudad 30', 'Región 30', '10030', '555-2030', 'sede30@org.com', '08:00', '18:00'),
('Sede 31', 'Calle Principal 31', 'Ciudad 31', 'Región 31', '10031', '555-2031', 'sede31@org.com', '08:00', '18:00'),
('Sede 32', 'Calle Principal 32', 'Ciudad 32', 'Región 32', '10032', '555-2032', 'sede32@org.com', '08:00', '18:00'),
('Sede 33', 'Calle Principal 33', 'Ciudad 33', 'Región 33', '10033', '555-2033', 'sede33@org.com', '08:00', '18:00'),
('Sede 34', 'Calle Principal 34', 'Ciudad 34', 'Región 34', '10034', '555-2034', 'sede34@org.com', '08:00', '18:00'),
('Sede 35', 'Calle Principal 35', 'Ciudad 35', 'Región 35', '10035', '555-2035', 'sede35@org.com', '08:00', '18:00'),
('Sede 36', 'Calle Principal 36', 'Ciudad 36', 'Región 36', '10036', '555-2036', 'sede36@org.com', '08:00', '18:00'),
('Sede 37', 'Calle Principal 37', 'Ciudad 37', 'Región 37', '10037', '555-2037', 'sede37@org.com', '08:00', '18:00'),
('Sede 38', 'Calle Principal 38', 'Ciudad 38', 'Región 38', '10038', '555-2038', 'sede38@org.com', '08:00', '18:00'),
('Sede 39', 'Calle Principal 39', 'Ciudad 39', 'Región 39', '10039', '555-2039', 'sede39@org.com', '08:00', '18:00'),
('Sede 40', 'Calle Principal 40', 'Ciudad 40', 'Región 40', '10040', '555-2040', 'sede40@org.com', '08:00', '18:00'),
('Sede 41', 'Calle Principal 41', 'Ciudad 41', 'Región 41', '10041', '555-2041', 'sede41@org.com', '08:00', '18:00'),
('Sede 42', 'Calle Principal 42', 'Ciudad 42', 'Región 42', '10042', '555-2042', 'sede42@org.com', '08:00', '18:00'),
('Sede 43', 'Calle Principal 43', 'Ciudad 43', 'Región 43', '10043', '555-2043', 'sede43@org.com', '08:00', '18:00'),
('Sede 44', 'Calle Principal 44', 'Ciudad 44', 'Región 44', '10044', '555-2044', 'sede44@org.com', '08:00', '18:00'),
('Sede 45', 'Calle Principal 45', 'Ciudad 45', 'Región 45', '10045', '555-2045', 'sede45@org.com', '08:00', '18:00'),
('Sede 46', 'Calle Principal 46', 'Ciudad 46', 'Región 46', '10046', '555-2046', 'sede46@org.com', '08:00', '18:00'),
('Sede 47', 'Calle Principal 47', 'Ciudad 47', 'Región 47', '10047', '555-2047', 'sede47@org.com', '08:00', '18:00'),
('Sede 48', 'Calle Principal 48', 'Ciudad 48', 'Región 48', '10048', '555-2048', 'sede48@org.com', '08:00', '18:00'),
('Sede 49', 'Calle Principal 49', 'Ciudad 49', 'Región 49', '10049', '555-2049', 'sede49@org.com', '08:00', '18:00'),
('Sede 50', 'Calle Principal 50', 'Ciudad 50', 'Región 50', '10050', '555-2050', 'sede50@org.com', '08:00', '18:00'),
('Sede 51', 'Calle Principal 51', 'Ciudad 51', 'Región 51', '10051', '555-2051', 'sede51@org.com', '08:00', '18:00'),
('Sede 52', 'Calle Principal 52', 'Ciudad 52', 'Región 52', '10052', '555-2052', 'sede52@org.com', '08:00', '18:00'),
('Sede 53', 'Calle Principal 53', 'Ciudad 53', 'Región 53', '10053', '555-2053', 'sede53@org.com', '08:00', '18:00'),
('Sede 54', 'Calle Principal 54', 'Ciudad 54', 'Región 54', '10054', '555-2054', 'sede54@org.com', '08:00', '18:00'),
('Sede 55', 'Calle Principal 55', 'Ciudad 55', 'Región 55', '10055', '555-2055', 'sede55@org.com', '08:00', '18:00'),
('Sede 56', 'Calle Principal 56', 'Ciudad 56', 'Región 56', '10056', '555-2056', 'sede56@org.com', '08:00', '18:00'),
('Sede 57', 'Calle Principal 57', 'Ciudad 57', 'Región 57', '10057', '555-2057', 'sede57@org.com', '08:00', '18:00'),
('Sede 58', 'Calle Principal 58', 'Ciudad 58', 'Región 58', '10058', '555-2058', 'sede58@org.com', '08:00', '18:00'),
('Sede 59', 'Calle Principal 59', 'Ciudad 59', 'Región 59', '10059', '555-2059', 'sede59@org.com', '08:00', '18:00'),
('Sede 60', 'Calle Principal 60', 'Ciudad 60', 'Región 60', '10060', '555-2060', 'sede60@org.com', '08:00', '18:00'),
('Sede 61', 'Calle Principal 61', 'Ciudad 61', 'Región 61', '10061', '555-2061', 'sede61@org.com', '08:00', '18:00'),
('Sede 62', 'Calle Principal 62', 'Ciudad 62', 'Región 62', '10062', '555-2062', 'sede62@org.com', '08:00', '18:00'),
('Sede 63', 'Calle Principal 63', 'Ciudad 63', 'Región 63', '10063', '555-2063', 'sede63@org.com', '08:00', '18:00'),
('Sede 64', 'Calle Principal 64', 'Ciudad 64', 'Región 64', '10064', '555-2064', 'sede64@org.com', '08:00', '18:00'),
('Sede 65', 'Calle Principal 65', 'Ciudad 65', 'Región 65', '10065', '555-2065', 'sede65@org.com', '08:00', '18:00'),
('Sede 66', 'Calle Principal 66', 'Ciudad 66', 'Región 66', '10066', '555-2066', 'sede66@org.com', '08:00', '18:00'),
('Sede 67', 'Calle Principal 67', 'Ciudad 67', 'Región 67', '10067', '555-2067', 'sede67@org.com', '08:00', '18:00'),
('Sede 68', 'Calle Principal 68', 'Ciudad 68', 'Región 68', '10068', '555-2068', 'sede68@org.com', '08:00', '18:00'),
('Sede 69', 'Calle Principal 69', 'Ciudad 69', 'Región 69', '10069', '555-2069', 'sede69@org.com', '08:00', '18:00'),
('Sede 70', 'Calle Principal 70', 'Ciudad 70', 'Región 70', '10070', '555-2070', 'sede70@org.com', '08:00', '18:00'),
('Sede 71', 'Calle Principal 71', 'Ciudad 71', 'Región 71', '10071', '555-2071', 'sede71@org.com', '08:00', '18:00'),
('Sede 72', 'Calle Principal 72', 'Ciudad 72', 'Región 72', '10072', '555-2072', 'sede72@org.com', '08:00', '18:00'),
('Sede 73', 'Calle Principal 73', 'Ciudad 73', 'Región 73', '10073', '555-2073', 'sede73@org.com', '08:00', '18:00'),
('Sede 74', 'Calle Principal 74', 'Ciudad 74', 'Región 74', '10074', '555-2074', 'sede74@org.com', '08:00', '18:00'),
('Sede 75', 'Calle Principal 75', 'Ciudad 75', 'Región 75', '10075', '555-2075', 'sede75@org.com', '08:00', '18:00'),
('Sede 76', 'Calle Principal 76', 'Ciudad 76', 'Región 76', '10076', '555-2076', 'sede76@org.com', '08:00', '18:00'),
('Sede 77', 'Calle Principal 77', 'Ciudad 77', 'Región 77', '10077', '555-2077', 'sede77@org.com', '08:00', '18:00'),
('Sede 78', 'Calle Principal 78', 'Ciudad 78', 'Región 78', '10078', '555-2078', 'sede78@org.com', '08:00', '18:00'),
('Sede 79', 'Calle Principal 79', 'Ciudad 79', 'Región 79', '10079', '555-2079', 'sede79@org.com', '08:00', '18:00'),
('Sede 80', 'Calle Principal 80', 'Ciudad 80', 'Región 80', '10080', '555-2080', 'sede80@org.com', '08:00', '18:00'),
('Sede 81', 'Calle Principal 81', 'Ciudad 81', 'Región 81', '10081', '555-2081', 'sede81@org.com', '08:00', '18:00'),
('Sede 82', 'Calle Principal 82', 'Ciudad 82', 'Región 82', '10082', '555-2082', 'sede82@org.com', '08:00', '18:00'),
('Sede 83', 'Calle Principal 83', 'Ciudad 83', 'Región 83', '10083', '555-2083', 'sede83@org.com', '08:00', '18:00'),
('Sede 84', 'Calle Principal 84', 'Ciudad 84', 'Región 84', '10084', '555-2084', 'sede84@org.com', '08:00', '18:00'),
('Sede 85', 'Calle Principal 85', 'Ciudad 85', 'Región 85', '10085', '555-2085', 'sede85@org.com', '08:00', '18:00'),
('Sede 86', 'Calle Principal 86', 'Ciudad 86', 'Región 86', '10086', '555-2086', 'sede86@org.com', '08:00', '18:00'),
('Sede 87', 'Calle Principal 87', 'Ciudad 87', 'Región 87', '10087', '555-2087', 'sede87@org.com', '08:00', '18:00'),
('Sede 88', 'Calle Principal 88', 'Ciudad 88', 'Región 88', '10088', '555-2088', 'sede88@org.com', '08:00', '18:00'),
('Sede 89', 'Calle Principal 89', 'Ciudad 89', 'Región 89', '10089', '555-2089', 'sede89@org.com', '08:00', '18:00'),
('Sede 90', 'Calle Principal 90', 'Ciudad 90', 'Región 90', '10090', '555-2090', 'sede90@org.com', '08:00', '18:00'),
('Sede 91', 'Calle Principal 91', 'Ciudad 91', 'Región 91', '10091', '555-2091', 'sede91@org.com', '08:00', '18:00'),
('Sede 92', 'Calle Principal 92', 'Ciudad 92', 'Región 92', '10092', '555-2092', 'sede92@org.com', '08:00', '18:00'),
('Sede 93', 'Calle Principal 93', 'Ciudad 93', 'Región 93', '10093', '555-2093', 'sede93@org.com', '08:00', '18:00'),
('Sede 94', 'Calle Principal 94', 'Ciudad 94', 'Región 94', '10094', '555-2094', 'sede94@org.com', '08:00', '18:00'),
('Sede 95', 'Calle Principal 95', 'Ciudad 95', 'Región 95', '10095', '555-2095', 'sede95@org.com', '08:00', '18:00'),
('Sede 96', 'Calle Principal 96', 'Ciudad 96', 'Región 96', '10096', '555-2096', 'sede96@org.com', '08:00', '18:00'),
('Sede 97', 'Calle Principal 97', 'Ciudad 97', 'Región 97', '10097', '555-2097', 'sede97@org.com', '08:00', '18:00'),
('Sede 98', 'Calle Principal 98', 'Ciudad 98', 'Región 98', '10098', '555-2098', 'sede98@org.com', '08:00', '18:00'),
('Sede 99', 'Calle Principal 99', 'Ciudad 99', 'Región 99', '10099', '555-2099', 'sede99@org.com', '08:00', '18:00'),
('Sede 100', 'Calle Principal 100', 'Ciudad 100', 'Región 100', '10100', '555-2100', 'sede100@org.com', '08:00', '18:00');

INSERT INTO campana (organizacion_id, categoria_id, sede_principal_id, nombre, descripcion, fecha_inicio, fecha_fin, meta_monetaria, estado) VALUES
(1, 1, 1, 'Campaña 1', 'Descripción 1', '2025-06-01', '2025-09-01', 10000.00, 'activa'),
(2, 2, 2, 'Campaña 2', 'Descripción 2', '2025-06-15', '2025-09-15', 15000.00, 'planificada'),
(3, 3, 3, 'Campaña 3', 'Descripción 3', '2025-07-01', '2025-10-01', 20000.00, 'activa'),
(4, 4, 4, 'Campaña 4', 'Descripción 4', '2025-07-15', '2025-10-15', 25000.00, 'planificada'),
(5, 5, 5, 'Campaña 5', 'Descripción 5', '2025-08-01', '2025-11-01', 30000.00, 'finalizada'),
(6, 6, 6, 'Campaña 6', 'Descripción 6', '2025-08-15', '2025-11-15', 35000.00, 'activa'),
(7, 7, 7, 'Campaña 7', 'Descripción 7', '2025-09-01', '2025-12-01', 40000.00, 'planificada'),
(8, 8, 8, 'Campaña 8', 'Descripción 8', '2025-09-15', '2025-12-15', 45000.00, 'finalizada'),
(9, 9, 9, 'Campaña 9', 'Descripción 9', '2025-10-01', '2026-01-01', 50000.00, 'activa'),
(10, 10, 10, 'Campaña 10', 'Descripción 10', '2025-10-15', '2026-01-15', 55000.00, 'pausada'),
(11, 11, 11, 'Campaña 11', 'Descripción 11', '2025-11-01', '2026-02-01', 60000.00, 'activa'),
(12, 12, 12, 'Campaña 12', 'Descripción 12', '2025-11-15', '2026-02-15', 65000.00, 'planificada'),
(13, 13, 13, 'Campaña 13', 'Descripción 13', '2025-12-01', '2026-03-01', 70000.00, 'activa'),
(14, 14, 14, 'Campaña 14', 'Descripción 14', '2025-12-15', '2026-03-15', 75000.00, 'finalizada'),
(15, 15, 15, 'Campaña 15', 'Descripción 15', '2026-01-01', '2026-04-01', 80000.00, 'activa'),
(16, 16, 16, 'Campaña 16', 'Descripción 16', '2026-01-15', '2026-04-15', 85000.00, 'planificada'),
(17, 17, 17, 'Campaña 17', 'Descripción 17', '2026-02-01', '2026-05-01', 90000.00, 'finalizada'),
(18, 18, 18, 'Campaña 18', 'Descripción 18', '2026-02-15', '2026-05-15', 95000.00, 'activa'),
(19, 19, 19, 'Campaña 19', 'Descripción 19', '2026-03-01', '2026-06-01', 100000.00, 'pausada'),
(20, 20, 20, 'Campaña 20', 'Descripción 20', '2026-03-15', '2026-06-15', 10500.00, 'activa'),
(21, 21, 21, 'Campaña 21', 'Descripción 21', '2026-04-01', '2026-07-01', 15500.00, 'planificada'),
(22, 22, 22, 'Campaña 22', 'Descripción 22', '2026-04-15', '2026-07-15', 20500.00, 'activa'),
(23, 23, 23, 'Campaña 23', 'Descripción 23', '2026-05-01', '2026-08-01', 25500.00, 'finalizada'),
(24, 24, 24, 'Campaña 24', 'Descripción 24', '2026-05-15', '2026-08-15', 30500.00, 'activa'),
(25, 25, 25, 'Campaña 25', 'Descripción 25', '2026-06-01', '2026-09-01', 35500.00, 'planificada'),
(26, 26, 26, 'Campaña 26', 'Descripción 26', '2026-06-15', '2026-09-15', 40500.00, 'finalizada'),
(27, 27, 27, 'Campaña 27', 'Descripción 27', '2026-07-01', '2026-10-01', 45500.00, 'activa'),
(28, 28, 28, 'Campaña 28', 'Descripción 28', '2026-07-15', '2026-10-15', 50500.00, 'pausada'),
(29, 29, 29, 'Campaña 29', 'Descripción 29', '2026-08-01', '2026-11-01', 55500.00, 'activa'),
(30, 30, 30, 'Campaña 30', 'Descripción 30', '2026-08-15', '2026-11-15', 60500.00, 'planificada'),
(31, 31, 31, 'Campaña 31', 'Descripción 31', '2026-09-01', '2026-12-01', 65500.00, 'activa'),
(32, 32, 32, 'Campaña 32', 'Descripción 32', '2026-09-15', '2026-12-15', 70500.00, 'finalizada'),
(33, 33, 33, 'Campaña 33', 'Descripción 33', '2026-10-01', '2027-01-01', 75500.00, 'activa'),
(34, 34, 34, 'Campaña 34', 'Descripción 34', '2026-10-15', '2027-01-15', 80500.00, 'planificada'),
(35, 35, 35, 'Campaña 35', 'Descripción 35', '2026-11-01', '2027-02-01', 85500.00, 'finalizada'),
(36, 36, 36, 'Campaña 36', 'Descripción 36', '2026-11-15', '2027-02-15', 90500.00, 'activa'),
(37, 37, 37, 'Campaña 37', 'Descripción 37', '2026-12-01', '2027-03-01', 95500.00, 'pausada'),
(38, 38, 38, 'Campaña 38', 'Descripción 38', '2026-12-15', '2027-03-15', 11000.00, 'activa'),
(39, 39, 39, 'Campaña 39', 'Descripción 39', '2027-01-01', '2027-04-01', 16000.00, 'planificada'),
(40, 40, 40, 'Campaña 40', 'Descripción 40', '2027-01-15', '2027-04-15', 21000.00, 'activa'),
(41, 41, 41, 'Campaña 41', 'Descripción 41', '2027-02-01', '2027-05-01', 26000.00, 'finalizada'),
(42, 42, 42, 'Campaña 42', 'Descripción 42', '2027-02-15', '2027-05-15', 31000.00, 'activa'),
(43, 43, 43, 'Campaña 43', 'Descripción 43', '2027-03-01', '2027-06-01', 36000.00, 'planificada'),
(44, 44, 44, 'Campaña 44', 'Descripción 44', '2027-03-15', '2027-06-15', 41000.00, 'finalizada'),
(45, 45, 45, 'Campaña 45', 'Descripción 45', '2027-04-01', '2027-07-01', 46000.00, 'activa'),
(46, 46, 46, 'Campaña 46', 'Descripción 46', '2027-04-15', '2027-07-15', 51000.00, 'pausada'),
(47, 47, 47, 'Campaña 47', 'Descripción 47', '2027-05-01', '2027-08-01', 56000.00, 'activa'),
(48, 48, 48, 'Campaña 48', 'Descripción 48', '2027-05-15', '2027-08-15', 61000.00, 'planificada'),
(49, 49, 49, 'Campaña 49', 'Descripción 49', '2027-06-01', '2027-09-01', 66000.00, 'activa'),
(50, 50, 50, 'Campaña 50', 'Descripción 50', '2027-06-15', '2027-09-15', 71000.00, 'finalizada'),
(51, 51, 51, 'Campaña 51', 'Descripción 51', '2027-07-01', '2027-10-01', 76000.00, 'activa'),
(52, 52, 52, 'Campaña 52', 'Descripción 52', '2027-07-15', '2027-10-15', 81000.00, 'planificada'),
(53, 53, 53, 'Campaña 53', 'Descripción 53', '2027-08-01', '2027-11-01', 86000.00, 'finalizada'),
(54, 54, 54, 'Campaña 54', 'Descripción 54', '2027-08-15', '2027-11-15', 91000.00, 'activa'),
(55, 55, 55, 'Campaña 55', 'Descripción 55', '2027-09-01', '2027-12-01', 96000.00, 'pausada'),
(56, 56, 56, 'Campaña 56', 'Descripción 56', '2027-09-15', '2027-12-15', 12000.00, 'activa'),
(57, 57, 57, 'Campaña 57', 'Descripción 57', '2027-10-01', '2028-01-01', 17000.00, 'planificada'),
(58, 58, 58, 'Campaña 58', 'Descripción 58', '2027-10-15', '2028-01-15', 22000.00, 'activa'),
(59, 59, 59, 'Campaña 59', 'Descripción 59', '2027-11-01', '2028-02-01', 27000.00, 'finalizada'),
(60, 60, 60, 'Campaña 60', 'Descripción 60', '2027-11-15', '2028-02-15', 32000.00, 'activa'),
(61, 61, 61, 'Campaña 61', 'Descripción 61', '2027-12-01', '2028-03-01', 37000.00, 'planificada'),
(62, 62, 62, 'Campaña 62', 'Descripción 62', '2027-12-15', '2028-03-15', 42000.00, 'finalizada'),
(63, 63, 63, 'Campaña 63', 'Descripción 63', '2028-01-01', '2028-04-01', 47000.00, 'activa'),
(64, 64, 64, 'Campaña 64', 'Descripción 64', '2028-01-15', '2028-04-15', 52000.00, 'pausada'),
(65, 65, 65, 'Campaña 65', 'Descripción 65', '2028-02-01', '2028-05-01', 57000.00, 'activa'),
(66, 66, 66, 'Campaña 66', 'Descripción 66', '2028-02-15', '2028-05-15', 62000.00, 'planificada'),
(67, 67, 67, 'Campaña 67', 'Descripción 67', '2028-03-01', '2028-06-01', 67000.00, 'activa'),
(68, 68, 68, 'Campaña 68', 'Descripción 68', '2028-03-15', '2028-06-15', 72000.00, 'finalizada'),
(69, 69, 69, 'Campaña 69', 'Descripción 69', '2028-04-01', '2028-07-01', 77000.00, 'activa'),
(70, 70, 70, 'Campaña 70', 'Descripción 70', '2028-04-15', '2028-07-15', 82000.00, 'planificada'),
(71, 71, 71, 'Campaña 71', 'Descripción 71', '2028-05-01', '2028-08-01', 87000.00, 'finalizada'),
(72, 72, 72, 'Campaña 72', 'Descripción 72', '2028-05-15', '2028-08-15', 92000.00, 'activa'),
(73, 73, 73, 'Campaña 73', 'Descripción 73', '2028-06-01', '2028-09-01', 97000.00, 'pausada'),
(74, 74, 74, 'Campaña 74', 'Descripción 74', '2028-06-15', '2028-09-15', 13000.00, 'activa'),
(75, 75, 75, 'Campaña 75', 'Descripción 75', '2028-07-01', '2028-10-01', 18000.00, 'planificada'),
(76, 76, 76, 'Campaña 76', 'Descripción 76', '2028-07-15', '2028-10-15', 23000.00, 'activa'),
(77, 77, 77, 'Campaña 77', 'Descripción 77', '2028-08-01', '2028-11-01', 28000.00, 'finalizada'),
(78, 78, 78, 'Campaña 78', 'Descripción 78', '2028-08-15', '2028-11-15', 33000.00, 'activa'),
(79, 79, 79, 'Campaña 79', 'Descripción 79', '2028-09-01', '2028-12-01', 38000.00, 'planificada'),
(80, 80, 80, 'Campaña 80', 'Descripción 80', '2028-09-15', '2028-12-15', 43000.00, 'finalizada'),
(81, 81, 81, 'Campaña 81', 'Descripción 81', '2028-10-01', '2029-01-01', 48000.00, 'activa'),
(82, 82, 82, 'Campaña 82', 'Descripción 82', '2028-10-15', '2029-01-15', 53000.00, 'pausada'),
(83, 83, 83, 'Campaña 83', 'Descripción 83', '2028-11-01', '2029-02-01', 58000.00, 'activa'),
(84, 84, 84, 'Campaña 84', 'Descripción 84', '2028-11-15', '2029-02-15', 63000.00, 'planificada'),
(85, 85, 85, 'Campaña 85', 'Descripción 85', '2028-12-01', '2029-03-01', 68000.00, 'activa'),
(86, 86, 86, 'Campaña 86', 'Descripción 86', '2028-12-15', '2029-03-15', 73000.00, 'finalizada'),
(87, 87, 87, 'Campaña 87', 'Descripción 87', '2029-01-01', '2029-04-01', 78000.00, 'activa'),
(88, 88, 88, 'Campaña 88', 'Descripción 88', '2029-01-15', '2029-04-15', 83000.00, 'planificada'),
(89, 89, 89, 'Campaña 89', 'Descripción 89', '2029-02-01', '2029-05-01', 88000.00, 'finalizada'),
(90, 90, 90, 'Campaña 90', 'Descripción 90', '2029-02-15', '2029-05-15', 93000.00, 'activa'),
(91, 91, 91, 'Campaña 91', 'Descripción 91', '2029-03-01', '2029-06-01', 98000.00, 'pausada'),
(92, 92, 92, 'Campaña 92', 'Descripción 92', '2029-03-15', '2029-06-15', 14000.00, 'activa'),
(93, 93, 93, 'Campaña 93', 'Descripción 93', '2029-04-01', '2029-07-01', 19000.00, 'planificada'),
(94, 94, 94, 'Campaña 94', 'Descripción 94', '2029-04-15', '2029-07-15', 24000.00, 'activa'),
(95, 95, 95, 'Campaña 95', 'Descripción 95', '2029-05-01', '2029-08-01', 29000.00, 'finalizada'),
(96, 96, 96, 'Campaña 96', 'Descripción 96', '2029-05-15', '2029-08-15', 34000.00, 'activa'),
(97, 97, 97, 'Campaña 97', 'Descripción 97', '2029-06-01', '2029-09-01', 39000.00, 'planificada'),
(98, 98, 98, 'Campaña 98', 'Descripción 98', '2029-06-15', '2029-09-15', 44000.00, 'finalizada'),
(99, 99, 99, 'Campaña 99', 'Descripción 99', '2029-07-01', '2029-10-01', 49000.00, 'activa'),
(100, 100, 100, 'Campaña 100', 'Descripción 100', '2029-07-15', '2029-10-15', 54000.00, 'pausada');

INSERT INTO donacion (donante_id, campana_id, tipo, monto, descripcion_especie, fecha, anonima, mensaje) VALUES
(1, 1, 'monetaria', 100.00, NULL, '2025-06-15', true, 'Mensaje 1'),
(2, 2, 'especie', NULL, 'Artículo 2', '2025-06-16', false, 'Mensaje 2'),
(3, 3, 'monetaria', 300.00, NULL, '2025-06-17', true, 'Mensaje 3'),
(4, 4, 'especie', NULL, 'Artículo 4', '2025-06-18', false, 'Mensaje 4'),
(5, 5, 'monetaria', 500.00, NULL, '2025-06-19', true, 'Mensaje 5'),
(6, 6, 'especie', NULL, 'Artículo 6', '2025-06-20', false, 'Mensaje 6'),
(7, 7, 'monetaria', 700.00, NULL, '2025-06-21', true, 'Mensaje 7'),
(8, 8, 'especie', NULL, 'Artículo 8', '2025-06-22', false, 'Mensaje 8'),
(9, 9, 'monetaria', 900.00, NULL, '2025-06-23', true, 'Mensaje 9'),
(10, 10, 'especie', NULL, 'Artículo 10', '2025-06-24', false, 'Mensaje 10'),
(11, 11, 'monetaria', 1100.00, NULL, '2025-06-25', true, 'Mensaje 11'),
(12, 12, 'especie', NULL, 'Artículo 12', '2025-06-26', false, 'Mensaje 12'),
(13, 13, 'monetaria', 1300.00, NULL, '2025-06-27', true, 'Mensaje 13'),
(14, 14, 'especie', NULL, 'Artículo 14', '2025-06-28', false, 'Mensaje 14'),
(15, 15, 'monetaria', 1500.00, NULL, '2025-06-29', true, 'Mensaje 15'),
(16, 16, 'especie', NULL, 'Artículo 16', '2025-06-30', false, 'Mensaje 16'),
(17, 17, 'monetaria', 1700.00, NULL, '2025-07-01', true, 'Mensaje 17'),
(18, 18, 'especie', NULL, 'Artículo 18', '2025-07-02', false, 'Mensaje 18'),
(19, 19, 'monetaria', 1900.00, NULL, '2025-07-03', true, 'Mensaje 19'),
(20, 20, 'especie', NULL, 'Artículo 20', '2025-07-04', false, 'Mensaje 20'),
(21, 21, 'monetaria', 2100.00, NULL, '2025-07-05', true, 'Mensaje 21'),
(22, 22, 'especie', NULL, 'Artículo 22', '2025-07-06', false, 'Mensaje 22'),
(23, 23, 'monetaria', 2300.00, NULL, '2025-07-07', true, 'Mensaje 23'),
(24, 24, 'especie', NULL, 'Artículo 24', '2025-07-08', false, 'Mensaje 24'),
(25, 25, 'monetaria', 2500.00, NULL, '2025-07-09', true, 'Mensaje 25'),
(26, 26, 'especie', NULL, 'Artículo 26', '2025-07-10', false, 'Mensaje 26'),
(27, 27, 'monetaria', 2700.00, NULL, '2025-07-11', true, 'Mensaje 27'),
(28, 28, 'especie', NULL, 'Artículo 28', '2025-07-12', false, 'Mensaje 28'),
(29, 29, 'monetaria', 2900.00, NULL, '2025-07-13', true, 'Mensaje 29'),
(30, 30, 'especie', NULL, 'Artículo 30', '2025-07-14', false, 'Mensaje 30'),
(31, 31, 'monetaria', 3100.00, NULL, '2025-07-15', true, 'Mensaje 31'),
(32, 32, 'especie', NULL, 'Artículo 32', '2025-07-16', false, 'Mensaje 32'),
(33, 33, 'monetaria', 3300.00, NULL, '2025-07-17', true, 'Mensaje 33'),
(34, 34, 'especie', NULL, 'Artículo 34', '2025-07-18', false, 'Mensaje 34'),
(35, 35, 'monetaria', 3500.00, NULL, '2025-07-19', true, 'Mensaje 35'),
(36, 36, 'especie', NULL, 'Artículo 36', '2025-07-20', false, 'Mensaje 36'),
(37, 37, 'monetaria', 3700.00, NULL, '2025-07-21', true, 'Mensaje 37'),
(38, 38, 'especie', NULL, 'Artículo 38', '2025-07-22', false, 'Mensaje 38'),
(39, 39, 'monetaria', 3900.00, NULL, '2025-07-23', true, 'Mensaje 39'),
(40, 40, 'especie', NULL, 'Artículo 40', '2025-07-24', false, 'Mensaje 40'),
(41, 41, 'monetaria', 4100.00, NULL, '2025-07-25', true, 'Mensaje 41'),
(42, 42, 'especie', NULL, 'Artículo 42', '2025-07-26', false, 'Mensaje 42'),
(43, 43, 'monetaria', 4300.00, NULL, '2025-07-27', true, 'Mensaje 43'),
(44, 44, 'especie', NULL, 'Artículo 44', '2025-07-28', false, 'Mensaje 44'),
(45, 45, 'monetaria', 4500.00, NULL, '2025-07-29', true, 'Mensaje 45'),
(46, 46, 'especie', NULL, 'Artículo 46', '2025-07-30', false, 'Mensaje 46'),
(47, 47, 'monetaria', 4700.00, NULL, '2025-07-31', true, 'Mensaje 47'),
(48, 48, 'especie', NULL, 'Artículo 48', '2025-08-01', false, 'Mensaje 48'),
(49, 49, 'monetaria', 4900.00, NULL, '2025-08-02', true, 'Mensaje 49'),
(50, 50, 'especie', NULL, 'Artículo 50', '2025-08-03', false, 'Mensaje 50'),
(51, 51, 'monetaria', 5100.00, NULL, '2025-08-04', true, 'Mensaje 51'),
(52, 52, 'especie', NULL, 'Artículo 52', '2025-08-05', false, 'Mensaje 52'),
(53, 53, 'monetaria', 5300.00, NULL, '2025-08-06', true, 'Mensaje 53'),
(54, 54, 'especie', NULL, 'Artículo 54', '2025-08-07', false, 'Mensaje 54'),
(55, 55, 'monetaria', 5500.00, NULL, '2025-08-08', true, 'Mensaje 55'),
(56, 56, 'especie', NULL, 'Artículo 56', '2025-08-09', false, 'Mensaje 56'),
(57, 57, 'monetaria', 5700.00, NULL, '2025-08-10', true, 'Mensaje 57'),
(58, 58, 'especie', NULL, 'Artículo 58', '2025-08-11', false, 'Mensaje 58'),
(59, 59, 'monetaria', 5900.00, NULL, '2025-08-12', true, 'Mensaje 59'),
(60, 60, 'especie', NULL, 'Artículo 60', '2025-08-13', false, 'Mensaje 60'),
(61, 61, 'monetaria', 6100.00, NULL, '2025-08-14', true, 'Mensaje 61'),
(62, 62, 'especie', NULL, 'Artículo 62', '2025-08-15', false, 'Mensaje 62'),
(63, 63, 'monetaria', 6300.00, NULL, '2025-08-16', true, 'Mensaje 63'),
(64, 64, 'especie', NULL, 'Artículo 64', '2025-08-17', false, 'Mensaje 64'),
(65, 65, 'monetaria', 6500.00, NULL, '2025-08-18', true, 'Mensaje 65'),
(66, 66, 'especie', NULL, 'Artículo 66', '2025-08-19', false, 'Mensaje 66'),
(67, 67, 'monetaria', 6700.00, NULL, '2025-08-20', true, 'Mensaje 67'),
(68, 68, 'especie', NULL, 'Artículo 68', '2025-08-21', false, 'Mensaje 68'),
(69, 69, 'monetaria', 6900.00, NULL, '2025-08-22', true, 'Mensaje 69'),
(70, 70, 'especie', NULL, 'Artículo 70', '2025-08-23', false, 'Mensaje 70'),
(71, 71, 'monetaria', 7100.00, NULL, '2025-08-24', true, 'Mensaje 71'),
(72, 72, 'especie', NULL, 'Artículo 72', '2025-08-25', false, 'Mensaje 72'),
(73, 73, 'monetaria', 7300.00, NULL, '2025-08-26', true, 'Mensaje 73'),
(74, 74, 'especie', NULL, 'Artículo 74', '2025-08-27', false, 'Mensaje 74'),
(75, 75, 'monetaria', 7500.00, NULL, '2025-08-28', true, 'Mensaje 75'),
(76, 76, 'especie', NULL, 'Artículo 76', '2025-08-29', false, 'Mensaje 76'),
(77, 77, 'monetaria', 7700.00, NULL, '2025-08-30', true, 'Mensaje 77'),
(78, 78, 'especie', NULL, 'Artículo 78', '2025-08-31', false, 'Mensaje 78'),
(79, 79, 'monetaria', 7900.00, NULL, '2025-09-01', true, 'Mensaje 79'),
(80, 80, 'especie', NULL, 'Artículo 80', '2025-09-02', false, 'Mensaje 80'),
(81, 81, 'monetaria', 8100.00, NULL, '2025-09-03', true, 'Mensaje 81'),
(82, 82, 'especie', NULL, 'Artículo 82', '2025-09-04', false, 'Mensaje 82'),
(83, 83, 'monetaria', 8300.00, NULL, '2025-09-05', true, 'Mensaje 83'),
(84, 84, 'especie', NULL, 'Artículo 84', '2025-09-06', false, 'Mensaje 84'),
(85, 85, 'monetaria', 8500.00, NULL, '2025-09-07', true, 'Mensaje 85'),
(86, 86, 'especie', NULL, 'Artículo 86', '2025-09-08', false, 'Mensaje 86'),
(87, 87, 'monetaria', 8700.00, NULL, '2025-09-09', true, 'Mensaje 87'),
(88, 88, 'especie', NULL, 'Artículo 88', '2025-09-10', false, 'Mensaje 88'),
(89, 89, 'monetaria', 8900.00, NULL, '2025-09-11', true, 'Mensaje 89'),
(90, 90, 'especie', NULL, 'Artículo 90', '2025-09-12', false, 'Mensaje 90'),
(91, 91, 'monetaria', 9100.00, NULL, '2025-09-13', true, 'Mensaje 91'),
(92, 92, 'especie', NULL, 'Artículo 92', '2025-09-14', false, 'Mensaje 92'),
(93, 93, 'monetaria', 9300.00, NULL, '2025-09-15', true, 'Mensaje 93'),
(94, 94, 'especie', NULL, 'Artículo 94', '2025-09-16', false, 'Mensaje 94'),
(95, 95, 'monetaria', 9500.00, NULL, '2025-09-17', true, 'Mensaje 95'),
(96, 96, 'especie', NULL, 'Artículo 96', '2025-09-18', false, 'Mensaje 96'),
(97, 97, 'monetaria', 9700.00, NULL, '2025-09-19', true, 'Mensaje 97'),
(98, 98, 'especie', NULL, 'Artículo 98', '2025-09-20', false, 'Mensaje 98'),
(99, 99, 'monetaria', 9900.00, NULL, '2025-09-21', true, 'Mensaje 99'),
(100, 100, 'especie', NULL, 'Artículo 100', '2025-09-22', false, 'Mensaje 100');

INSERT INTO voluntario (nombre, apellido, email, telefono, direccion, fecha_nacimiento, activo) VALUES
('Nombre 1', 'Apellido 1', 'voluntario1@mail.com', '555-1001', 'Dirección 1, Ciudad 1', '1990-01-01', true),
('Nombre 2', 'Apellido 2', 'voluntario2@mail.com', '555-1002', 'Dirección 2, Ciudad 2', '1985-02-02', false),
('Nombre 3', 'Apellido 3', 'voluntario3@mail.com', '555-1003', 'Dirección 3, Ciudad 3', '1992-03-03', true),
('Nombre 4', 'Apellido 4', 'voluntario4@mail.com', '555-1004', 'Dirección 4, Ciudad 4', '1988-04-04', false),
('Nombre 5', 'Apellido 5', 'voluntario5@mail.com', '555-1005', 'Dirección 5, Ciudad 5', '1995-05-05', true),
('Nombre 6', 'Apellido 6', 'voluntario6@mail.com', '555-1006', 'Dirección 6, Ciudad 6', '1987-06-06', false),
('Nombre 7', 'Apellido 7', 'voluntario7@mail.com', '555-1007', 'Dirección 7, Ciudad 7', '1993-07-07', true),
('Nombre 8', 'Apellido 8', 'voluntario8@mail.com', '555-1008', 'Dirección 8, Ciudad 8', '1989-08-08', false),
('Nombre 9', 'Apellido 9', 'voluntario9@mail.com', '555-1009', 'Dirección 9, Ciudad 9', '1994-09-09', true),
('Nombre 10', 'Apellido 10', 'voluntario10@mail.com', '555-1010', 'Dirección 10, Ciudad 10', '1986-10-10', false),
('Nombre 11', 'Apellido 11', 'voluntario11@mail.com', '555-1011', 'Dirección 11, Ciudad 11', '1991-11-11', true),
('Nombre 12', 'Apellido 12', 'voluntario12@mail.com', '555-1012', 'Dirección 12, Ciudad 12', '1985-12-12', false),
('Nombre 13', 'Apellido 13', 'voluntario13@mail.com', '555-1013', 'Dirección 13, Ciudad 13', '1996-01-13', true),
('Nombre 14', 'Apellido 14', 'voluntario14@mail.com', '555-1014', 'Dirección 14, Ciudad 14', '1987-02-14', false),
('Nombre 15', 'Apellido 15', 'voluntario15@mail.com', '555-1015', 'Dirección 15, Ciudad 15', '1992-03-15', true),
('Nombre 16', 'Apellido 16', 'voluntario16@mail.com', '555-1016', 'Dirección 16, Ciudad 16', '1988-04-16', false),
('Nombre 17', 'Apellido 17', 'voluntario17@mail.com', '555-1017', 'Dirección 17, Ciudad 17', '1997-05-17', true),
('Nombre 18', 'Apellido 18', 'voluntario18@mail.com', '555-1018', 'Dirección 18, Ciudad 18', '1989-06-18', false),
('Nombre 19', 'Apellido 19', 'voluntario19@mail.com', '555-1019', 'Dirección 19, Ciudad 19', '1993-07-19', true),
('Nombre 20', 'Apellido 20', 'voluntario20@mail.com', '555-1020', 'Dirección 20, Ciudad 20', '1986-08-20', false),
('Nombre 21', 'Apellido 21', 'voluntario21@mail.com', '555-1021', 'Dirección 21, Ciudad 21', '1990-09-21', true),
('Nombre 22', 'Apellido 22', 'voluntario22@mail.com', '555-1022', 'Dirección 22, Ciudad 22', '1984-10-22', false),
('Nombre 23', 'Apellido 23', 'voluntario23@mail.com', '555-1023', 'Dirección 23, Ciudad 23', '1995-11-23', true),
('Nombre 24', 'Apellido 24', 'voluntario24@mail.com', '555-1024', 'Dirección 24, Ciudad 24', '1988-12-24', false),
('Nombre 25', 'Apellido 25', 'voluntario25@mail.com', '555-1025', 'Dirección 25, Ciudad 25', '1991-01-25', true),
('Nombre 26', 'Apellido 26', 'voluntario26@mail.com', '555-1026', 'Dirección 26, Ciudad 26', '1987-02-26', false),
('Nombre 27', 'Apellido 27', 'voluntario27@mail.com', '555-1027', 'Dirección 27, Ciudad 27', '1996-03-27', true),
('Nombre 28', 'Apellido 28', 'voluntario28@mail.com', '555-1028', 'Dirección 28, Ciudad 28', '1989-04-28', false),
('Nombre 29', 'Apellido 29', 'voluntario29@mail.com', '555-1029', 'Dirección 29, Ciudad 29', '1994-05-29', true),
('Nombre 30', 'Apellido 30', 'voluntario30@mail.com', '555-1030', 'Dirección 30, Ciudad 30', '1985-06-30', false),
('Nombre 31', 'Apellido 31', 'voluntario31@mail.com', '555-1031', 'Dirección 31, Ciudad 31', '1990-07-01', true),
('Nombre 32', 'Apellido 32', 'voluntario32@mail.com', '555-1032', 'Dirección 32, Ciudad 32', '1986-08-02', false),
('Nombre 33', 'Apellido 33', 'voluntario33@mail.com', '555-1033', 'Dirección 33, Ciudad 33', '1997-09-03', true),
('Nombre 34', 'Apellido 34', 'voluntario34@mail.com', '555-1034', 'Dirección 34, Ciudad 34', '1988-10-04', false),
('Nombre 35', 'Apellido 35', 'voluntario35@mail.com', '555-1035', 'Dirección 35, Ciudad 35', '1993-11-05', true),
('Nombre 36', 'Apellido 36', 'voluntario36@mail.com', '555-1036', 'Dirección 36, Ciudad 36', '1985-12-06', false),
('Nombre 37', 'Apellido 37', 'voluntario37@mail.com', '555-1037', 'Dirección 37, Ciudad 37', '1991-01-07', true),
('Nombre 38', 'Apellido 38', 'voluntario38@mail.com', '555-1038', 'Dirección 38, Ciudad 38', '1987-02-08', false),
('Nombre 39', 'Apellido 39', 'voluntario39@mail.com', '555-1039', 'Dirección 39, Ciudad 39', '1996-03-09', true),
('Nombre 40', 'Apellido 40', 'voluntario40@mail.com', '555-1040', 'Dirección 40, Ciudad 40', '1989-04-10', false),
('Nombre 41', 'Apellido 41', 'voluntario41@mail.com', '555-1041', 'Dirección 41, Ciudad 41', '1992-05-11', true),
('Nombre 42', 'Apellido 42', 'voluntario42@mail.com', '555-1042', 'Dirección 42, Ciudad 42', '1984-06-12', false),
('Nombre 43', 'Apellido 43', 'voluntario43@mail.com', '555-1043', 'Dirección 43, Ciudad 43', '1995-07-13', true),
('Nombre 44', 'Apellido 44', 'voluntario44@mail.com', '555-1044', 'Dirección 44, Ciudad 44', '1988-08-14', false),
('Nombre 45', 'Apellido 45', 'voluntario45@mail.com', '555-1045', 'Dirección 45, Ciudad 45', '1993-09-15', true),
('Nombre 46', 'Apellido 46', 'voluntario46@mail.com', '555-1046', 'Dirección 46, Ciudad 46', '1986-10-16', false),
('Nombre 47', 'Apellido 47', 'voluntario47@mail.com', '555-1047', 'Dirección 47, Ciudad 47', '1991-11-17', true),
('Nombre 48', 'Apellido 48', 'voluntario48@mail.com', '555-1048', 'Dirección 48, Ciudad 48', '1987-12-18', false),
('Nombre 49', 'Apellido 49', 'voluntario49@mail.com', '555-1049', 'Dirección 49, Ciudad 49', '1994-01-19', true),
('Nombre 50', 'Apellido 50', 'voluntario50@mail.com', '555-1050', 'Dirección 50, Ciudad 50', '1989-02-20', false),
('Nombre 51', 'Apellido 51', 'voluntario51@mail.com', '555-1051', 'Dirección 51, Ciudad 51', '1990-03-21', true),
('Nombre 52', 'Apellido 52', 'voluntario52@mail.com', '555-1052', 'Dirección 52, Ciudad 52', '1985-04-22', false),
('Nombre 53', 'Apellido 53', 'voluntario53@mail.com', '555-1053', 'Dirección 53, Ciudad 53', '1996-05-23', true),
('Nombre 54', 'Apellido 54', 'voluntario54@mail.com', '555-1054', 'Dirección 54, Ciudad 54', '1988-06-24', false),
('Nombre 55', 'Apellido 55', 'voluntario55@mail.com', '555-1055', 'Dirección 55, Ciudad 55', '1992-07-25', true),
('Nombre 56', 'Apellido 56', 'voluntario56@mail.com', '555-1056', 'Dirección 56, Ciudad 56', '1986-08-26', false),
('Nombre 57', 'Apellido 57', 'voluntario57@mail.com', '555-1057', 'Dirección 57, Ciudad 57', '1993-09-27', true),
('Nombre 58', 'Apellido 58', 'voluntario58@mail.com', '555-1058', 'Dirección 58, Ciudad 58', '1987-10-28', false),
('Nombre 59', 'Apellido 59', 'voluntario59@mail.com', '555-1059', 'Dirección 59, Ciudad 59', '1995-11-29', true),
('Nombre 60', 'Apellido 60', 'voluntario60@mail.com', '555-1060', 'Dirección 60, Ciudad 60', '1984-12-30', false),
('Nombre 61', 'Apellido 61', 'voluntario61@mail.com', '555-1061', 'Dirección 61, Ciudad 61', '1991-01-31', true),
('Nombre 62', 'Apellido 62', 'voluntario62@mail.com', '555-1062', 'Dirección 62, Ciudad 62', '1986-02-01', false),
('Nombre 63', 'Apellido 63', 'voluntario63@mail.com', '555-1063', 'Dirección 63, Ciudad 63', '1997-03-02', true),
('Nombre 64', 'Apellido 64', 'voluntario64@mail.com', '555-1064', 'Dirección 64, Ciudad 64', '1989-04-03', false),
('Nombre 65', 'Apellido 65', 'voluntario65@mail.com', '555-1065', 'Dirección 65, Ciudad 65', '1994-05-04', true),
('Nombre 66', 'Apellido 66', 'voluntario66@mail.com', '555-1066', 'Dirección 66, Ciudad 66', '1985-06-05', false),
('Nombre 67', 'Apellido 67', 'voluntario67@mail.com', '555-1067', 'Dirección 67, Ciudad 67', '1990-07-06', true),
('Nombre 68', 'Apellido 68', 'voluntario68@mail.com', '555-1068', 'Dirección 68, Ciudad 68', '1987-08-07', false),
('Nombre 69', 'Apellido 69', 'voluntario69@mail.com', '555-1069', 'Dirección 69, Ciudad 69', '1996-09-08', true),
('Nombre 70', 'Apellido 70', 'voluntario70@mail.com', '555-1070', 'Dirección 70, Ciudad 70', '1988-10-09', false),
('Nombre 71', 'Apellido 71', 'voluntario71@mail.com', '555-1071', 'Dirección 71, Ciudad 71', '1992-11-10', true),
('Nombre 72', 'Apellido 72', 'voluntario72@mail.com', '555-1072', 'Dirección 72, Ciudad 72', '1984-12-11', false),
('Nombre 73', 'Apellido 73', 'voluntario73@mail.com', '555-1073', 'Dirección 73, Ciudad 73', '1993-01-12', true),
('Nombre 74', 'Apellido 74', 'voluntario74@mail.com', '555-1074', 'Dirección 74, Ciudad 74', '1987-02-13', false),
('Nombre 75', 'Apellido 75', 'voluntario75@mail.com', '555-1075', 'Dirección 75, Ciudad 75', '1995-03-14', true),
('Nombre 76', 'Apellido 76', 'voluntario76@mail.com', '555-1076', 'Dirección 76, Ciudad 76', '1989-04-15', false),
('Nombre 77', 'Apellido 77', 'voluntario77@mail.com', '555-1077', 'Dirección 77, Ciudad 77', '1994-05-16', true),
('Nombre 78', 'Apellido 78', 'voluntario78@mail.com', '555-1078', 'Dirección 78, Ciudad 78', '1986-06-17', false),
('Nombre 79', 'Apellido 79', 'voluntario79@mail.com', '555-1079', 'Dirección 79, Ciudad 79', '1991-07-18', true),
('Nombre 80', 'Apellido 80', 'voluntario80@mail.com', '555-1080', 'Dirección 80, Ciudad 80', '1985-08-19', false),
('Nombre 81', 'Apellido 81', 'voluntario81@mail.com', '555-1081', 'Dirección 81, Ciudad 81', '1997-09-20', true),
('Nombre 82', 'Apellido 82', 'voluntario82@mail.com', '555-1082', 'Dirección 82, Ciudad 82', '1988-10-21', false),
('Nombre 83', 'Apellido 83', 'voluntario83@mail.com', '555-1083', 'Dirección 83, Ciudad 83', '1992-11-22', true),
('Nombre 84', 'Apellido 84', 'voluntario84@mail.com', '555-1084', 'Dirección 84, Ciudad 84', '1986-12-23', false),
('Nombre 85', 'Apellido 85', 'voluntario85@mail.com', '555-1085', 'Dirección 85, Ciudad 85', '1993-01-24', true),
('Nombre 86', 'Apellido 86', 'voluntario86@mail.com', '555-1086', 'Dirección 86, Ciudad 86', '1987-02-25', false),
('Nombre 87', 'Apellido 87', 'voluntario87@mail.com', '555-1087', 'Dirección 87, Ciudad 87', '1995-03-26', true),
('Nombre 88', 'Apellido 88', 'voluntario88@mail.com', '555-1088', 'Dirección 88, Ciudad 88', '1989-04-27', false),
('Nombre 89', 'Apellido 89', 'voluntario89@mail.com', '555-1089', 'Dirección 89, Ciudad 89', '1994-05-28', true),
('Nombre 90', 'Apellido 90', 'voluntario90@mail.com', '555-1090', 'Dirección 90, Ciudad 90', '1985-06-29', false),
('Nombre 91', 'Apellido 91', 'voluntario91@mail.com', '555-1091', 'Dirección 91, Ciudad 91', '1990-07-30', true),
('Nombre 92', 'Apellido 92', 'voluntario92@mail.com', '555-1092', 'Dirección 92, Ciudad 92', '1986-08-31', false),
('Nombre 93', 'Apellido 93', 'voluntario93@mail.com', '555-1093', 'Dirección 93, Ciudad 93', '1996-09-01', true),
('Nombre 94', 'Apellido 94', 'voluntario94@mail.com', '555-1094', 'Dirección 94, Ciudad 94', '1988-10-02', false),
('Nombre 95', 'Apellido 95', 'voluntario95@mail.com', '555-1095', 'Dirección 95, Ciudad 95', '1993-11-03', true),
('Nombre 96', 'Apellido 96', 'voluntario96@mail.com', '555-1096', 'Dirección 96, Ciudad 96', '1987-12-04', false),
('Nombre 97', 'Apellido 97', 'voluntario97@mail.com', '555-1097', 'Dirección 97, Ciudad 97', '1992-01-05', true),
('Nombre 98', 'Apellido 98', 'voluntario98@mail.com', '555-1098', 'Dirección 98, Ciudad 98', '1984-02-06', false),
('Nombre 99', 'Apellido 99', 'voluntario99@mail.com', '555-1099', 'Dirección 99, Ciudad 99', '1995-03-07', true),
('Nombre 100', 'Apellido 100', 'voluntario100@mail.com', '555-1100', 'Dirección 100, Ciudad 100', '1989-04-08', false);

INSERT INTO donacion (donante_id, campana_id, tipo, monto, descripcion_especie, fecha, anonima, mensaje) VALUES
(1, 1, 'Monetaria', 100.00, NULL, '2025-06-15', true, 'Mensaje 1'),
(2, 2, 'Especie', NULL, 'Artículo 2', '2025-06-16', false, 'Mensaje 2'),
(3, 3, 'Monetaria', 300.00, NULL, '2025-06-17', true, 'Mensaje 3'),
(4, 4, 'Especie', NULL, 'Artículo 4', '2025-06-18', false, 'Mensaje 4'),
(5, 5, 'Monetaria', 500.00, NULL, '2025-06-19', true, 'Mensaje 5'),
(6, 6, 'Especie', NULL, 'Artículo 6', '2025-06-20', false, 'Mensaje 6'),
(7, 7, 'Monetaria', 700.00, NULL, '2025-06-21', true, 'Mensaje 7'),
(8, 8, 'Especie', NULL, 'Artículo 8', '2025-06-22', false, 'Mensaje 8'),
(9, 9, 'Monetaria', 900.00, NULL, '2025-06-23', true, 'Mensaje 9'),
(10, 10, 'Especie', NULL, 'Artículo 10', '2025-06-24', false, 'Mensaje 10'),
(11, 11, 'Monetaria', 1100.00, NULL, '2025-06-25', true, 'Mensaje 11'),
(12, 12, 'Especie', NULL, 'Artículo 12', '2025-06-26', false, 'Mensaje 12'),
(13, 13, 'Monetaria', 1300.00, NULL, '2025-06-27', true, 'Mensaje 13'),
(14, 14, 'Especie', NULL, 'Artículo 14', '2025-06-28', false, 'Mensaje 14'),
(15, 15, 'Monetaria', 1500.00, NULL, '2025-06-29', true, 'Mensaje 15'),
(16, 16, 'Especie', NULL, 'Artículo 16', '2025-06-30', false, 'Mensaje 16'),
(17, 17, 'Monetaria', 1700.00, NULL, '2025-07-01', true, 'Mensaje 17'),
(18, 18, 'Especie', NULL, 'Artículo 18', '2025-07-02', false, 'Mensaje 18'),
(19, 19, 'Monetaria', 1900.00, NULL, '2025-07-03', true, 'Mensaje 19'),
(20, 20, 'Especie', NULL, 'Artículo 20', '2025-07-04', false, 'Mensaje 20'),
(21, 21, 'Monetaria', 2100.00, NULL, '2025-07-05', true, 'Mensaje 21'),
(22, 22, 'Especie', NULL, 'Artículo 22', '2025-07-06', false, 'Mensaje 22'),
(23, 23, 'Monetaria', 2300.00, NULL, '2025-07-07', true, 'Mensaje 23'),
(24, 24, 'Especie', NULL, 'Artículo 24', '2025-07-08', false, 'Mensaje 24'),
(25, 25, 'Monetaria', 2500.00, NULL, '2025-07-09', true, 'Mensaje 25'),
(26, 26, 'Especie', NULL, 'Artículo 26', '2025-07-10', false, 'Mensaje 26'),
(27, 27, 'Monetaria', 2700.00, NULL, '2025-07-11', true, 'Mensaje 27'),
(28, 28, 'Especie', NULL, 'Artículo 28', '2025-07-12', false, 'Mensaje 28'),
(29, 29, 'Monetaria', 2900.00, NULL, '2025-07-13', true, 'Mensaje 29'),
(30, 30, 'Especie', NULL, 'Artículo 30', '2025-07-14', false, 'Mensaje 30'),
(31, 31, 'Monetaria', 3100.00, NULL, '2025-07-15', true, 'Mensaje 31'),
(32, 32, 'Especie', NULL, 'Artículo 32', '2025-07-16', false, 'Mensaje 32'),
(33, 33, 'Monetaria', 3300.00, NULL, '2025-07-17', true, 'Mensaje 33'),
(34, 34, 'Especie', NULL, 'Artículo 34', '2025-07-18', false, 'Mensaje 34'),
(35, 35, 'Monetaria', 3500.00, NULL, '2025-07-19', true, 'Mensaje 35'),
(36, 36, 'Especie', NULL, 'Artículo 36', '2025-07-20', false, 'Mensaje 36'),
(37, 37, 'Monetaria', 3700.00, NULL, '2025-07-21', true, 'Mensaje 37'),
(38, 38, 'Especie', NULL, 'Artículo 38', '2025-07-22', false, 'Mensaje 38'),
(39, 39, 'Monetaria', 3900.00, NULL, '2025-07-23', true, 'Mensaje 39'),
(40, 40, 'Especie', NULL, 'Artículo 40', '2025-07-24', false, 'Mensaje 40'),
(41, 41, 'Monetaria', 4100.00, NULL, '2025-07-25', true, 'Mensaje 41'),
(42, 42, 'Especie', NULL, 'Artículo 42', '2025-07-26', false, 'Mensaje 42'),
(43, 43, 'Monetaria', 4300.00, NULL, '2025-07-27', true, 'Mensaje 43'),
(44, 44, 'Especie', NULL, 'Artículo 44', '2025-07-28', false, 'Mensaje 44'),
(45, 45, 'Monetaria', 4500.00, NULL, '2025-07-29', true, 'Mensaje 45'),
(46, 46, 'Especie', NULL, 'Artículo 46', '2025-07-30', false, 'Mensaje 46'),
(47, 47, 'Monetaria', 4700.00, NULL, '2025-07-31', true, 'Mensaje 47'),
(48, 48, 'Especie', NULL, 'Artículo 48', '2025-08-01', false, 'Mensaje 48'),
(49, 49, 'Monetaria', 4900.00, NULL, '2025-08-02', true, 'Mensaje 49'),
(50, 50, 'Especie', NULL, 'Artículo 50', '2025-08-03', false, 'Mensaje 50'),
(51, 51, 'Monetaria', 5100.00, NULL, '2025-08-04', true, 'Mensaje 51'),
(52, 52, 'Especie', NULL, 'Artículo 52', '2025-08-05', false, 'Mensaje 52'),
(53, 53, 'Monetaria', 5300.00, NULL, '2025-08-06', true, 'Mensaje 53'),
(54, 54, 'Especie', NULL, 'Artículo 54', '2025-08-07', false, 'Mensaje 54'),
(55, 55, 'Monetaria', 5500.00, NULL, '2025-08-08', true, 'Mensaje 55'),
(56, 56, 'Especie', NULL, 'Artículo 56', '2025-08-09', false, 'Mensaje 56'),
(57, 57, 'Monetaria', 5700.00, NULL, '2025-08-10', true, 'Mensaje 57'),
(58, 58, 'Especie', NULL, 'Artículo 58', '2025-08-11', false, 'Mensaje 58'),
(59, 59, 'Monetaria', 5900.00, NULL, '2025-08-12', true, 'Mensaje 59'),
(60, 60, 'Especie', NULL, 'Artículo 60', '2025-08-13', false, 'Mensaje 60'),
(61, 61, 'Monetaria', 6100.00, NULL, '2025-08-14', true, 'Mensaje 61'),
(62, 62, 'Especie', NULL, 'Artículo 62', '2025-08-15', false, 'Mensaje 62'),
(63, 63, 'Monetaria', 6300.00, NULL, '2025-08-16', true, 'Mensaje 63'),
(64, 64, 'Especie', NULL, 'Artículo 64', '2025-08-17', false, 'Mensaje 64'),
(65, 65, 'Monetaria', 6500.00, NULL, '2025-08-18', true, 'Mensaje 65'),
(66, 66, 'Especie', NULL, 'Artículo 66', '2025-08-19', false, 'Mensaje 66'),
(67, 67, 'Monetaria', 6700.00, NULL, '2025-08-20', true, 'Mensaje 67'),
(68, 68, 'Especie', NULL, 'Artículo 68', '2025-08-21', false, 'Mensaje 68'),
(69, 69, 'Monetaria', 6900.00, NULL, '2025-08-22', true, 'Mensaje 69'),
(70, 70, 'Especie', NULL, 'Artículo 70', '2025-08-23', false, 'Mensaje 70'),
(71, 71, 'Monetaria', 7100.00, NULL, '2025-08-24', true, 'Mensaje 71'),
(72, 72, 'Especie', NULL, 'Artículo 72', '2025-08-25', false, 'Mensaje 72'),
(73, 73, 'Monetaria', 7300.00, NULL, '2025-08-26', true, 'Mensaje 73'),
(74, 74, 'Especie', NULL, 'Artículo 74', '2025-08-27', false, 'Mensaje 74'),
(75, 75, 'Monetaria', 7500.00, NULL, '2025-08-28', true, 'Mensaje 75'),
(76, 76, 'Especie', NULL, 'Artículo 76', '2025-08-29', false, 'Mensaje 76'),
(77, 77, 'Monetaria', 7700.00, NULL, '2025-08-30', true, 'Mensaje 77'),
(78, 78, 'Especie', NULL, 'Artículo 78', '2025-08-31', false, 'Mensaje 78'),
(79, 79, 'Monetaria', 7900.00, NULL, '2025-09-01', true, 'Mensaje 79'),
(80, 80, 'Especie', NULL, 'Artículo 80', '2025-09-02', false, 'Mensaje 80'),
(81, 81, 'Monetaria', 8100.00, NULL, '2025-09-03', true, 'Mensaje 81'),
(82, 82, 'Especie', NULL, 'Artículo 82', '2025-09-04', false, 'Mensaje 82'),
(83, 83, 'Monetaria', 8300.00, NULL, '2025-09-05', true, 'Mensaje 83'),
(84, 84, 'Especie', NULL, 'Artículo 84', '2025-09-06', false, 'Mensaje 84'),
(85, 85, 'Monetaria', 8500.00, NULL, '2025-09-07', true, 'Mensaje 85'),
(86, 86, 'Especie', NULL, 'Artículo 86', '2025-09-08', false, 'Mensaje 86'),
(87, 87, 'Monetaria', 8700.00, NULL, '2025-09-09', true, 'Mensaje 87'),
(88, 88, 'Especie', NULL, 'Artículo 88', '2025-09-10', false, 'Mensaje 88'),
(89, 89, 'Monetaria', 8900.00, NULL, '2025-09-11', true, 'Mensaje 89'),
(90, 90, 'Especie', NULL, 'Artículo 90', '2025-09-12', false, 'Mensaje 90'),
(91, 91, 'Monetaria', 9100.00, NULL, '2025-09-13', true, 'Mensaje 91'),
(92, 92, 'Especie', NULL, 'Artículo 92', '2025-09-14', false, 'Mensaje 92'),
(93, 93, 'Monetaria', 9300.00, NULL, '2025-09-15', true, 'Mensaje 93'),
(94, 94, 'Especie', NULL, 'Artículo 94', '2025-09-16', false, 'Mensaje 94'),
(95, 95, 'Monetaria', 9500.00, NULL, '2025-09-17', true, 'Mensaje 95'),
(96, 96, 'Especie', NULL, 'Artículo 96', '2025-09-18', false, 'Mensaje 96'),
(97, 97, 'Monetaria', 9700.00, NULL, '2025-09-19', true, 'Mensaje 97'),
(98, 98, 'Especie', NULL, 'Artículo 98', '2025-09-20', false, 'Mensaje 98'),
(99, 99, 'Monetaria', 9900.00, NULL, '2025-09-21', true, 'Mensaje 99'),
(100, 100, 'Especie', NULL, 'Artículo 100', '2025-09-22', false, 'Mensaje 100');

INSERT INTO actividad (campana_id, sede_id, nombre, descripcion, fecha_inicio, fecha_fin, capacidad_max) VALUES
(1, 1, 'Actividad 1', 'Descripción 1', '2025-06-10', '2025-06-11', 50),
(2, 2, 'Actividad 2', 'Descripción 2', '2025-06-20', '2025-06-21', 75),
(3, 3, 'Actividad 3', 'Descripción 3', '2025-07-05', '2025-07-06', 100),
(4, 4, 'Actividad 4', 'Descripción 4', '2025-07-15', '2025-07-16', 125),
(5, 5, 'Actividad 5', 'Descripción 5', '2025-08-01', '2025-08-02', 150),
(6, 6, 'Actividad 6', 'Descripción 6', '2025-08-10', '2025-08-11', 175),
(7, 7, 'Actividad 7', 'Descripción 7', '2025-09-01', '2025-09-02', 200),
(8, 8, 'Actividad 8', 'Descripción 8', '2025-09-10', '2025-09-11', 225),
(9, 9, 'Actividad 9', 'Descripción 9', '2025-10-01', '2025-10-02', 250),
(10, 10, 'Actividad 10', 'Descripción 10', '2025-10-10', '2025-10-11', 275),
(11, 11, 'Actividad 11', 'Descripción 11', '2025-11-01', '2025-11-02', 300),
(12, 12, 'Actividad 12', 'Descripción 12', '2025-11-10', '2025-11-11', 325),
(13, 13, 'Actividad 13', 'Descripción 13', '2025-12-01', '2025-12-02', 350),
(14, 14, 'Actividad 14', 'Descripción 14', '2025-12-10', '2025-12-11', 375),
(15, 15, 'Actividad 15', 'Descripción 15', '2026-01-01', '2026-01-02', 400),
(16, 16, 'Actividad 16', 'Descripción 16', '2026-01-10', '2026-01-11', 425),
(17, 17, 'Actividad 17', 'Descripción 17', '2026-02-01', '2026-02-02', 450),
(18, 18, 'Actividad 18', 'Descripción 18', '2026-02-10', '2026-02-11', 475),
(19, 19, 'Actividad 19', 'Descripción 19', '2026-03-01', '2026-03-02', 500),
(20, 20, 'Actividad 20', 'Descripción 20', '2026-03-10', '2026-03-11', 525),
(21, 21, 'Actividad 21', 'Descripción 21', '2026-04-01', '2026-04-02', 50),
(22, 22, 'Actividad 22', 'Descripción 22', '2026-04-10', '2026-04-11', 75),
(23, 23, 'Actividad 23', 'Descripción 23', '2026-05-01', '2026-05-02', 100),
(24, 24, 'Actividad 24', 'Descripción 24', '2026-05-10', '2026-05-11', 125),
(25, 25, 'Actividad 25', 'Descripción 25', '2026-06-01', '2026-06-02', 150),
(26, 26, 'Actividad 26', 'Descripción 26', '2026-06-10', '2026-06-11', 175),
(27, 27, 'Actividad 27', 'Descripción 27', '2026-07-01', '2026-07-02', 200),
(28, 28, 'Actividad 28', 'Descripción 28', '2026-07-10', '2026-07-11', 225),
(29, 29, 'Actividad 29', 'Descripción 29', '2026-08-01', '2026-08-02', 250),
(30, 30, 'Actividad 30', 'Descripción 30', '2026-08-10', '2026-08-11', 275),
(31, 31, 'Actividad 31', 'Descripción 31', '2026-09-01', '2026-09-02', 300),
(32, 32, 'Actividad 32', 'Descripción 32', '2026-09-10', '2026-09-11', 325),
(33, 33, 'Actividad 33', 'Descripción 33', '2026-10-01', '2026-10-02', 350),
(34, 34, 'Actividad 34', 'Descripción 34', '2026-10-10', '2026-10-11', 375),
(35, 35, 'Actividad 35', 'Descripción 35', '2026-11-01', '2026-11-02', 400),
(36, 36, 'Actividad 36', 'Descripción 36', '2026-11-10', '2026-11-11', 425),
(37, 37, 'Actividad 37', 'Descripción 37', '2026-12-01', '2026-12-02', 450),
(38, 38, 'Actividad 38', 'Descripción 38', '2026-12-10', '2026-12-11', 475),
(39, 39, 'Actividad 39', 'Descripción 39', '2027-01-01', '2027-01-02', 500),
(40, 40, 'Actividad 40', 'Descripción 40', '2027-01-10', '2027-01-11', 525),
(41, 41, 'Actividad 41', 'Descripción 41', '2027-02-01', '2027-02-02', 50),
(42, 42, 'Actividad 42', 'Descripción 42', '2027-02-10', '2027-02-11', 75),
(43, 43, 'Actividad 43', 'Descripción 43', '2027-03-01', '2027-03-02', 100),
(44, 44, 'Actividad 44', 'Descripción 44', '2027-03-10', '2027-03-11', 125),
(45, 45, 'Actividad 45', 'Descripción 45', '2027-04-01', '2027-04-02', 150),
(46, 46, 'Actividad 46', 'Descripción 46', '2027-04-10', '2027-04-11', 175),
(47, 47, 'Actividad 47', 'Descripción 47', '2027-05-01', '2027-05-02', 200),
(48, 48, 'Actividad 48', 'Descripción 48', '2027-05-10', '2027-05-11', 225),
(49, 49, 'Actividad 49', 'Descripción 49', '2027-06-01', '2027-06-02', 250),
(50, 50, 'Actividad 50', 'Descripción 50', '2027-06-10', '2027-06-11', 275),
(51, 51, 'Actividad 51', 'Descripción 51', '2027-07-01', '2027-07-02', 300),
(52, 52, 'Actividad 52', 'Descripción 52', '2027-07-10', '2027-07-11', 325),
(53, 53, 'Actividad 53', 'Descripción 53', '2027-08-01', '2027-08-02', 350),
(54, 54, 'Actividad 54', 'Descripción 54', '2027-08-10', '2027-08-11', 375),
(55, 55, 'Actividad 55', 'Descripción 55', '2027-09-01', '2027-09-02', 400),
(56, 56, 'Actividad 56', 'Descripción 56', '2027-09-10', '2027-09-11', 425),
(57, 57, 'Actividad 57', 'Descripción 57', '2027-10-01', '2027-10-02', 450),
(58, 58, 'Actividad 58', 'Descripción 58', '2027-10-10', '2027-10-11', 475),
(59, 59, 'Actividad 59', 'Descripción 59', '2027-11-01', '2027-11-02', 500),
(60, 60, 'Actividad 60', 'Descripción 60', '2027-11-10', '2027-11-11', 525),
(61, 61, 'Actividad 61', 'Descripción 61', '2027-12-01', '2027-12-02', 50),
(62, 62, 'Actividad 62', 'Descripción 62', '2027-12-10', '2027-12-11', 75),
(63, 63, 'Actividad 63', 'Descripción 63', '2028-01-01', '2028-01-02', 100),
(64, 64, 'Actividad 64', 'Descripción 64', '2028-01-10', '2028-01-11', 125),
(65, 65, 'Actividad 65', 'Descripción 65', '2028-02-01', '2028-02-02', 150),
(66, 66, 'Actividad 66', 'Descripción 66', '2028-02-10', '2028-02-11', 175),
(67, 67, 'Actividad 67', 'Descripción 67', '2028-03-01', '2028-03-02', 200),
(68, 68, 'Actividad 68', 'Descripción 68', '2028-03-10', '2028-03-11', 225),
(69, 69, 'Actividad 69', 'Descripción 69', '2028-04-01', '2028-04-02', 250),
(70, 70, 'Actividad 70', 'Descripción 70', '2028-04-10', '2028-04-11', 275),
(71, 71, 'Actividad 71', 'Descripción 71', '2028-05-01', '2028-05-02', 300),
(72, 72, 'Actividad 72', 'Descripción 72', '2028-05-10', '2028-05-11', 325),
(73, 73, 'Actividad 73', 'Descripción 73', '2028-06-01', '2028-06-02', 350),
(74, 74, 'Actividad 74', 'Descripción 74', '2028-06-10', '2028-06-11', 375),
(75, 75, 'Actividad 75', 'Descripción 75', '2028-07-01', '2028-07-02', 400),
(76, 76, 'Actividad 76', 'Descripción 76', '2028-07-10', '2028-07-11', 425),
(77, 77, 'Actividad 77', 'Descripción 77', '2028-08-01', '2028-08-02', 450),
(78, 78, 'Actividad 78', 'Descripción 78', '2028-08-10', '2028-08-11', 475),
(79, 79, 'Actividad 79', 'Descripción 79', '2028-09-01', '2028-09-02', 500),
(80, 80, 'Actividad 80', 'Descripción 80', '2028-09-10', '2028-09-11', 525),
(81, 81, 'Actividad 81', 'Descripción 81', '2028-10-01', '2028-10-02', 50),
(82, 82, 'Actividad 82', 'Descripción 82', '2028-10-10', '2028-10-11', 75),
(83, 83, 'Actividad 83', 'Descripción 83', '2028-11-01', '2028-11-02', 100),
(84, 84, 'Actividad 84', 'Descripción 84', '2028-11-10', '2028-11-11', 125),
(85, 85, 'Actividad 85', 'Descripción 85', '2028-12-01', '2028-12-02', 150),
(86, 86, 'Actividad 86', 'Descripción 86', '2028-12-10', '2028-12-11', 175),
(87, 87, 'Actividad 87', 'Descripción 87', '2029-01-01', '2029-01-02', 200),
(88, 88, 'Actividad 88', 'Descripción 88', '2029-01-10', '2029-01-11', 225),
(89, 89, 'Actividad 89', 'Descripción 89', '2029-02-01', '2029-02-02', 250),
(90, 90, 'Actividad 90', 'Descripción 90', '2029-02-10', '2029-02-11', 275),
(91, 91, 'Actividad 91', 'Descripción 91', '2029-03-01', '2029-03-02', 300),
(92, 92, 'Actividad 92', 'Descripción 92', '2029-03-10', '2029-03-11', 325),
(93, 93, 'Actividad 93', 'Descripción 93', '2029-04-01', '2029-04-02', 350),
(94, 94, 'Actividad 94', 'Descripción 94', '2029-04-10', '2029-04-11', 375),
(95, 95, 'Actividad 95', 'Descripción 95', '2029-05-01', '2029-05-02', 400),
(96, 96, 'Actividad 96', 'Descripción 96', '2029-05-10', '2029-05-11', 425),
(97, 97, 'Actividad 97', 'Descripción 97', '2029-06-01', '2029-06-02', 450),
(98, 98, 'Actividad 98', 'Descripción 98', '2029-06-10', '2029-06-11', 475),
(99, 99, 'Actividad 99', 'Descripción 99', '2029-07-01', '2029-07-02', 500),
(100, 100, 'Actividad 100', 'Descripción 100', '2029-07-10', '2029-07-11', 525);

INSERT INTO recurso (campana_id, nombre, descripcion, cantidad_requerida, cantidad_actual, unidad_medida) VALUES
(1, 'Recurso 1', 'Descripción 1', 100, 25, 'kg'),
(2, 'Recurso 2', 'Descripción 2', 200, 50, 'unidades'),
(3, 'Recurso 3', 'Descripción 3', 150, 30, 'litros'),
(4, 'Recurso 4', 'Descripción 4', 300, 75, 'kg'),
(5, 'Recurso 5', 'Descripción 5', 250, 60, 'unidades'),
(6, 'Recurso 6', 'Descripción 6', 120, 40, 'metros'),
(7, 'Recurso 7', 'Descripción 7', 180, 45, 'kg'),
(8, 'Recurso 8', 'Descripción 8', 220, 55, 'cajas'),
(9, 'Recurso 9', 'Descripción 9', 170, 42, 'litros'),
(10, 'Recurso 10', 'Descripción 10', 320, 80, 'unidades'),
(11, 'Recurso 11', 'Descripción 11', 130, 32, 'kg'),
(12, 'Recurso 12', 'Descripción 12', 240, 60, 'paquetes'),
(13, 'Recurso 13', 'Descripción 13', 190, 47, 'litros'),
(14, 'Recurso 14', 'Descripción 14', 280, 70, 'kg'),
(15, 'Recurso 15', 'Descripción 15', 210, 52, 'unidades'),
(16, 'Recurso 16', 'Descripción 16', 140, 35, 'metros'),
(17, 'Recurso 17', 'Descripción 17', 260, 65, 'kg'),
(18, 'Recurso 18', 'Descripción 18', 230, 57, 'cajas'),
(19, 'Recurso 19', 'Descripción 19', 160, 40, 'litros'),
(20, 'Recurso 20', 'Descripción 20', 310, 77, 'unidades'),
(21, 'Recurso 21', 'Descripción 21', 110, 27, 'kg'),
(22, 'Recurso 22', 'Descripción 22', 250, 62, 'paquetes'),
(23, 'Recurso 23', 'Descripción 23', 200, 50, 'litros'),
(24, 'Recurso 24', 'Descripción 24', 290, 72, 'kg'),
(25, 'Recurso 25', 'Descripción 25', 220, 55, 'unidades'),
(26, 'Recurso 26', 'Descripción 26', 150, 37, 'metros'),
(27, 'Recurso 27', 'Descripción 27', 270, 67, 'kg'),
(28, 'Recurso 28', 'Descripción 28', 240, 60, 'cajas'),
(29, 'Recurso 29', 'Descripción 29', 170, 42, 'litros'),
(30, 'Recurso 30', 'Descripción 30', 330, 82, 'unidades'),
(31, 'Recurso 31', 'Descripción 31', 120, 30, 'kg'),
(32, 'Recurso 32', 'Descripción 32', 260, 65, 'paquetes'),
(33, 'Recurso 33', 'Descripción 33', 210, 52, 'litros'),
(34, 'Recurso 34', 'Descripción 34', 300, 75, 'kg'),
(35, 'Recurso 35', 'Descripción 35', 230, 57, 'unidades'),
(36, 'Recurso 36', 'Descripción 36', 160, 40, 'metros'),
(37, 'Recurso 37', 'Descripción 37', 280, 70, 'kg'),
(38, 'Recurso 38', 'Descripción 38', 250, 62, 'cajas'),
(39, 'Recurso 39', 'Descripción 39', 180, 45, 'litros'),
(40, 'Recurso 40', 'Descripción 40', 340, 85, 'unidades'),
(41, 'Recurso 41', 'Descripción 41', 130, 32, 'kg'),
(42, 'Recurso 42', 'Descripción 42', 270, 67, 'paquetes'),
(43, 'Recurso 43', 'Descripción 43', 220, 55, 'litros'),
(44, 'Recurso 44', 'Descripción 44', 310, 77, 'kg'),
(45, 'Recurso 45', 'Descripción 45', 240, 60, 'unidades'),
(46, 'Recurso 46', 'Descripción 46', 170, 42, 'metros'),
(47, 'Recurso 47', 'Descripción 47', 290, 72, 'kg'),
(48, 'Recurso 48', 'Descripción 48', 260, 65, 'cajas'),
(49, 'Recurso 49', 'Descripción 49', 190, 47, 'litros'),
(50, 'Recurso 50', 'Descripción 50', 350, 87, 'unidades'),
(51, 'Recurso 51', 'Descripción 51', 140, 35, 'kg'),
(52, 'Recurso 52', 'Descripción 52', 280, 70, 'paquetes'),
(53, 'Recurso 53', 'Descripción 53', 230, 57, 'litros'),
(54, 'Recurso 54', 'Descripción 54', 320, 80, 'kg'),
(55, 'Recurso 55', 'Descripción 55', 250, 62, 'unidades'),
(56, 'Recurso 56', 'Descripción 56', 180, 45, 'metros'),
(57, 'Recurso 57', 'Descripción 57', 300, 75, 'kg'),
(58, 'Recurso 58', 'Descripción 58', 270, 67, 'cajas'),
(59, 'Recurso 59', 'Descripción 59', 200, 50, 'litros'),
(60, 'Recurso 60', 'Descripción 60', 360, 90, 'unidades'),
(61, 'Recurso 61', 'Descripción 61', 150, 37, 'kg'),
(62, 'Recurso 62', 'Descripción 62', 290, 72, 'paquetes'),
(63, 'Recurso 63', 'Descripción 63', 240, 60, 'litros'),
(64, 'Recurso 64', 'Descripción 64', 330, 82, 'kg'),
(65, 'Recurso 65', 'Descripción 65', 260, 65, 'unidades'),
(66, 'Recurso 66', 'Descripción 66', 190, 47, 'metros'),
(67, 'Recurso 67', 'Descripción 67', 310, 77, 'kg'),
(68, 'Recurso 68', 'Descripción 68', 280, 70, 'cajas'),
(69, 'Recurso 69', 'Descripción 69', 210, 52, 'litros'),
(70, 'Recurso 70', 'Descripción 70', 370, 92, 'unidades'),
(71, 'Recurso 71', 'Descripción 71', 160, 40, 'kg'),
(72, 'Recurso 72', 'Descripción 72', 300, 75, 'paquetes'),
(73, 'Recurso 73', 'Descripción 73', 250, 62, 'litros'),
(74, 'Recurso 74', 'Descripción 74', 340, 85, 'kg'),
(75, 'Recurso 75', 'Descripción 75', 270, 67, 'unidades'),
(76, 'Recurso 76', 'Descripción 76', 200, 50, 'metros'),
(77, 'Recurso 77', 'Descripción 77', 320, 80, 'kg'),
(78, 'Recurso 78', 'Descripción 78', 290, 72, 'cajas'),
(79, 'Recurso 79', 'Descripción 79', 220, 55, 'litros'),
(80, 'Recurso 80', 'Descripción 80', 380, 95, 'unidades'),
(81, 'Recurso 81', 'Descripción 81', 170, 42, 'kg'),
(82, 'Recurso 82', 'Descripción 82', 310, 77, 'paquetes'),
(83, 'Recurso 83', 'Descripción 83', 260, 65, 'litros'),
(84, 'Recurso 84', 'Descripción 84', 350, 87, 'kg'),
(85, 'Recurso 85', 'Descripción 85', 280, 70, 'unidades'),
(86, 'Recurso 86', 'Descripción 86', 210, 52, 'metros'),
(87, 'Recurso 87', 'Descripción 87', 330, 82, 'kg'),
(88, 'Recurso 88', 'Descripción 88', 300, 75, 'cajas'),
(89, 'Recurso 89', 'Descripción 89', 230, 57, 'litros'),
(90, 'Recurso 90', 'Descripción 90', 390, 97, 'unidades'),
(91, 'Recurso 91', 'Descripción 91', 180, 45, 'kg'),
(92, 'Recurso 92', 'Descripción 92', 320, 80, 'paquetes'),
(93, 'Recurso 93', 'Descripción 93', 270, 67, 'litros'),
(94, 'Recurso 94', 'Descripción 94', 360, 90, 'kg'),
(95, 'Recurso 95', 'Descripción 95', 290, 72, 'unidades'),
(96, 'Recurso 96', 'Descripción 96', 220, 55, 'metros'),
(97, 'Recurso 97', 'Descripción 97', 340, 85, 'kg'),
(98, 'Recurso 98', 'Descripción 98', 310, 77, 'cajas'),
(99, 'Recurso 99', 'Descripción 99', 240, 60, 'litros'),
(100, 'Recurso 100', 'Descripción 100', 400, 100, 'unidades');

INSERT INTO habilidad (nombre, descripcion, categoria) VALUES
('Nombre 1', 'Descripción 1', 'Categoria 1'),
('Nombre 2', 'Descripción 2', 'Categoria 2'),
('Nombre 3', 'Descripción 3', 'Categoria 3'),
('Nombre 4', 'Descripción 4', 'Categoria 4'),
('Nombre 5', 'Descripción 5', 'Categoria 5'),
('Nombre 6', 'Descripción 6', 'Categoria 6'),
('Nombre 7', 'Descripción 7', 'Categoria 7'),
('Nombre 8', 'Descripción 8', 'Categoria 8'),
('Nombre 9', 'Descripción 9', 'Categoria 9'),
('Nombre 10', 'Descripción 10', 'Categoria 10'),
('Nombre 11', 'Descripción 11', 'Categoria 11'),
('Nombre 12', 'Descripción 12', 'Categoria 12'),
('Nombre 13', 'Descripción 13', 'Categoria 13'),
('Nombre 14', 'Descripción 14', 'Categoria 14'),
('Nombre 15', 'Descripción 15', 'Categoria 15'),
('Nombre 16', 'Descripción 16', 'Categoria 16'),
('Nombre 17', 'Descripción 17', 'Categoria 17'),
('Nombre 18', 'Descripción 18', 'Categoria 18'),
('Nombre 19', 'Descripción 19', 'Categoria 19'),
('Nombre 20', 'Descripción 20', 'Categoria 20'),
('Nombre 21', 'Descripción 21', 'Categoria 21'),
('Nombre 22', 'Descripción 22', 'Categoria 22'),
('Nombre 23', 'Descripción 23', 'Categoria 23'),
('Nombre 24', 'Descripción 24', 'Categoria 24'),
('Nombre 25', 'Descripción 25', 'Categoria 25'),
('Nombre 26', 'Descripción 26', 'Categoria 26'),
('Nombre 27', 'Descripción 27', 'Categoria 27'),
('Nombre 28', 'Descripción 28', 'Categoria 28'),
('Nombre 29', 'Descripción 29', 'Categoria 29'),
('Nombre 30', 'Descripción 30', 'Categoria 30'),
('Nombre 31', 'Descripción 31', 'Categoria 31'),
('Nombre 32', 'Descripción 32', 'Categoria 32'),
('Nombre 33', 'Descripción 33', 'Categoria 33'),
('Nombre 34', 'Descripción 34', 'Categoria 34'),
('Nombre 35', 'Descripción 35', 'Categoria 35'),
('Nombre 36', 'Descripción 36', 'Categoria 36'),
('Nombre 37', 'Descripción 37', 'Categoria 37'),
('Nombre 38', 'Descripción 38', 'Categoria 38'),
('Nombre 39', 'Descripción 39', 'Categoria 39'),
('Nombre 40', 'Descripción 40', 'Categoria 40'),
('Nombre 41', 'Descripción 41', 'Categoria 41'),
('Nombre 42', 'Descripción 42', 'Categoria 42'),
('Nombre 43', 'Descripción 43', 'Categoria 43'),
('Nombre 44', 'Descripción 44', 'Categoria 44'),
('Nombre 45', 'Descripción 45', 'Categoria 45'),
('Nombre 46', 'Descripción 46', 'Categoria 46'),
('Nombre 47', 'Descripción 47', 'Categoria 47'),
('Nombre 48', 'Descripción 48', 'Categoria 48'),
('Nombre 49', 'Descripción 49', 'Categoria 49'),
('Nombre 50', 'Descripción 50', 'Categoria 50'),
('Nombre 51', 'Descripción 51', 'Categoria 51'),
('Nombre 52', 'Descripción 52', 'Categoria 52'),
('Nombre 53', 'Descripción 53', 'Categoria 53'),
('Nombre 54', 'Descripción 54', 'Categoria 54'),
('Nombre 55', 'Descripción 55', 'Categoria 55'),
('Nombre 56', 'Descripción 56', 'Categoria 56'),
('Nombre 57', 'Descripción 57', 'Categoria 57'),
('Nombre 58', 'Descripción 58', 'Categoria 58'),
('Nombre 59', 'Descripción 59', 'Categoria 59'),
('Nombre 60', 'Descripción 60', 'Categoria 60'),
('Nombre 61', 'Descripción 61', 'Categoria 61'),
('Nombre 62', 'Descripción 62', 'Categoria 62'),
('Nombre 63', 'Descripción 63', 'Categoria 63'),
('Nombre 64', 'Descripción 64', 'Categoria 64'),
('Nombre 65', 'Descripción 65', 'Categoria 65'),
('Nombre 66', 'Descripción 66', 'Categoria 66'),
('Nombre 67', 'Descripción 67', 'Categoria 67'),
('Nombre 68', 'Descripción 68', 'Categoria 68'),
('Nombre 69', 'Descripción 69', 'Categoria 69'),
('Nombre 70', 'Descripción 70', 'Categoria 70'),
('Nombre 71', 'Descripción 71', 'Categoria 71'),
('Nombre 72', 'Descripción 72', 'Categoria 72'),
('Nombre 73', 'Descripción 73', 'Categoria 73'),
('Nombre 74', 'Descripción 74', 'Categoria 74'),
('Nombre 75', 'Descripción 75', 'Categoria 75'),
('Nombre 76', 'Descripción 76', 'Categoria 76'),
('Nombre 77', 'Descripción 77', 'Categoria 77'),
('Nombre 78', 'Descripción 78', 'Categoria 78'),
('Nombre 79', 'Descripción 79', 'Categoria 79'),
('Nombre 80', 'Descripción 80', 'Categoria 80'),
('Nombre 81', 'Descripción 81', 'Categoria 81'),
('Nombre 82', 'Descripción 82', 'Categoria 82'),
('Nombre 83', 'Descripción 83', 'Categoria 83'),
('Nombre 84', 'Descripción 84', 'Categoria 84'),
('Nombre 85', 'Descripción 85', 'Categoria 85'),
('Nombre 86', 'Descripción 86', 'Categoria 86'),
('Nombre 87', 'Descripción 87', 'Categoria 87'),
('Nombre 88', 'Descripción 88', 'Categoria 88'),
('Nombre 89', 'Descripción 89', 'Categoria 89'),
('Nombre 90', 'Descripción 90', 'Categoria 90'),
('Nombre 91', 'Descripción 91', 'Categoria 91'),
('Nombre 92', 'Descripción 92', 'Categoria 92'),
('Nombre 93', 'Descripción 93', 'Categoria 93'),
('Nombre 94', 'Descripción 94', 'Categoria 94'),
('Nombre 95', 'Descripción 95', 'Categoria 95'),
('Nombre 96', 'Descripción 96', 'Categoria 96'),
('Nombre 97', 'Descripción 97', 'Categoria 97'),
('Nombre 98', 'Descripción 98', 'Categoria 98'),
('Nombre 99', 'Descripción 99', 'Categoria 99'),
('Nombre 100', 'Descripción 100', 'Categoria 100');